"","X1","X2","X3","X4","X5","X6","X7","X8","X9","X10","X11","X12","X13","X14","X15","X16","X17","X18","X19","X20","X21","X22","X23","X24","X25","X26","X27","X28","X29","X30","X31","X32","X33","X34","X35","X36","X37","X38","X39","X40","X41","X42","X43","X44","X45","X46","X47","X48","X49","X50","X51","X52","X53","X54","X55","X56","X57","X58","X59","X60","X61","X62","X63","X64","X65","X66","X67","X68","X69","X70","V71"
"1",9,5,6,9,10,1,5,10,7,9,4,3,1,10,2,8,2,3,6,7,3,7,8,5,2,9,5,3,1,6,9,2,3,9,8,2,5,4,6,9,8,5,3,5,8,10,3,1,10,3,14,3,7,6,19,18,16,3,1,8,5,7,13,2,4,2,3,4,6,19,0
"2",2,5,2,6,7,9,1,4,7,4,2,10,8,10,3,3,7,4,7,1,6,2,10,9,8,9,7,8,10,10,7,9,9,7,4,8,5,9,4,1,4,10,9,5,1,10,4,1,9,5,13,6,16,3,10,8,15,3,4,13,1,5,8,2,16,18,2,3,4,18,1
"3",6,5,6,1,6,9,10,1,4,2,5,2,2,1,10,9,5,5,7,6,7,2,10,1,3,10,2,6,6,3,6,3,6,4,4,2,6,8,6,6,7,9,9,8,6,4,6,6,10,2,5,9,6,3,10,16,10,5,1,4,7,16,18,3,2,4,2,3,4,18,1
"4",3,3,10,8,1,6,2,7,6,8,3,7,6,9,4,7,2,9,3,2,10,10,3,3,10,7,1,4,1,7,2,6,10,10,7,4,5,7,7,9,4,10,6,5,2,1,2,2,10,10,20,18,14,4,11,3,5,12,1,9,21,3,2,4,2,19,20,7,9,21,0
"5",10,4,1,2,7,10,1,3,10,7,4,1,2,5,4,8,3,7,6,8,2,5,6,7,6,1,1,4,6,5,9,1,5,3,5,9,9,9,8,1,3,7,1,7,10,2,4,4,1,10,4,12,5,16,8,17,8,5,1,3,6,10,3,2,4,2,3,4,6,17,1
"6",9,6,1,5,10,2,3,7,7,8,10,1,6,2,1,1,3,8,3,4,2,7,4,7,8,7,9,3,9,10,7,8,2,4,1,10,3,2,2,5,4,7,7,8,6,4,6,3,1,8,11,7,4,13,21,3,6,1,3,10,18,13,2,5,7,2,3,13,11,21,0
"7",1,4,2,7,5,10,5,6,2,10,6,4,8,3,3,4,6,4,8,8,3,3,9,4,9,10,4,8,4,3,4,3,10,7,10,3,7,10,2,2,1,10,2,10,8,10,6,10,3,9,5,10,13,3,23,4,11,3,5,1,5,8,2,16,13,23,2,3,4,23,0
"8",5,6,8,8,3,2,5,9,7,7,5,3,9,9,6,10,4,7,8,9,10,8,1,10,10,8,1,5,7,5,7,6,3,7,7,9,10,9,2,10,9,9,2,7,2,4,8,5,5,10,18,4,5,3,4,16,16,3,7,1,13,5,19,19,2,4,2,3,4,19,0
"9",9,3,1,4,8,7,5,4,3,10,5,10,8,3,8,10,7,9,2,1,10,9,9,5,2,1,5,2,9,4,4,6,5,3,4,9,9,10,9,6,5,2,7,8,7,5,6,1,5,7,6,10,5,24,8,17,10,1,12,23,9,13,11,16,2,4,2,3,4,24,0
"10",7,6,2,6,10,6,6,1,7,2,6,3,8,4,2,10,7,7,6,9,3,7,8,3,8,4,3,9,6,3,4,4,6,2,4,4,1,7,6,8,10,7,8,7,7,5,9,5,7,7,10,6,5,13,4,19,8,5,1,3,6,20,22,3,2,4,2,3,4,22,0
"11",9,3,8,6,4,9,8,9,5,7,9,10,2,10,7,10,6,3,4,4,3,6,4,2,9,3,5,8,6,3,5,9,1,10,3,4,1,5,1,2,7,7,2,10,5,5,5,10,9,8,11,15,7,4,3,6,6,1,3,18,11,9,2,5,16,15,2,3,4,18,1
"12",5,1,2,1,7,6,2,8,9,8,3,7,9,2,1,6,8,6,4,9,8,4,10,10,8,5,6,1,8,7,5,7,10,1,3,9,9,5,1,5,6,4,1,2,2,5,8,3,2,10,16,12,21,5,7,4,10,14,1,5,3,3,10,2,4,2,3,21,19,21,0
"13",1,3,5,5,3,8,7,10,7,2,3,8,6,2,10,2,3,8,2,10,2,3,4,2,8,7,10,4,1,4,9,9,5,8,10,1,10,10,10,4,5,5,2,3,4,5,5,2,10,9,11,4,8,18,15,20,22,3,18,13,1,3,6,8,2,4,2,3,4,22,0
"14",8,9,3,10,10,6,2,8,5,1,1,3,3,8,4,4,7,6,10,3,3,7,5,10,1,1,4,8,3,6,9,10,9,4,4,9,8,9,9,3,5,8,5,10,2,6,4,5,7,3,8,12,15,6,12,18,12,9,1,6,3,9,3,2,4,2,3,11,9,18,1
"15",7,10,5,5,5,6,5,4,5,9,5,9,2,4,7,9,7,2,2,2,1,8,5,6,1,9,7,10,9,6,3,3,10,9,3,9,9,9,5,8,1,4,2,6,4,10,1,7,8,7,7,11,18,12,6,7,14,9,1,5,3,17,18,2,4,5,5,3,4,18,1
"16",8,9,2,3,6,6,10,4,4,10,3,9,9,2,10,9,1,5,6,10,8,5,4,4,1,5,8,4,4,7,1,5,2,9,4,6,3,9,2,10,8,9,2,3,6,8,1,9,8,9,6,12,7,6,10,3,20,1,8,19,5,3,16,20,2,4,2,3,4,20,0
"17",8,9,7,8,9,10,10,4,1,3,10,3,7,9,4,10,1,8,2,10,1,10,10,5,4,1,5,4,8,4,9,9,8,9,8,2,5,8,5,6,8,8,5,10,5,8,5,2,1,5,6,13,6,4,9,4,11,3,5,1,5,8,2,9,11,2,3,21,23,23,0
"18",5,3,8,1,5,1,6,1,7,3,6,9,1,7,2,2,9,1,5,10,7,6,1,9,3,5,4,2,6,7,1,6,8,4,5,6,4,1,6,4,8,4,5,4,2,3,9,10,1,9,18,17,16,18,4,9,14,3,8,1,5,3,2,5,7,2,10,9,4,18,1
"19",1,2,3,8,1,8,6,2,9,8,6,2,5,10,8,1,5,8,1,8,10,4,8,4,1,9,4,2,2,7,10,1,1,6,7,9,2,4,8,3,7,2,10,7,5,9,7,5,5,1,6,11,20,13,21,3,1,9,3,5,9,7,18,2,4,2,3,4,6,21,0
"20",8,6,6,6,3,4,1,9,9,1,9,8,2,9,7,9,9,5,7,3,9,2,2,10,7,3,4,6,6,4,1,7,5,3,9,10,10,9,8,7,4,9,5,6,2,1,5,3,3,10,6,4,5,4,11,5,6,1,9,20,10,3,2,4,2,8,9,19,19,20,0
"21",8,4,10,8,6,10,7,8,10,7,8,2,9,9,9,3,9,4,2,2,2,7,6,8,4,10,4,8,8,3,3,5,6,4,5,7,2,3,3,2,10,9,6,9,3,8,7,2,10,8,14,12,9,14,15,4,7,1,4,7,9,3,2,5,16,17,2,3,4,17,1
"22",7,7,2,7,5,10,3,1,1,1,1,5,7,6,10,9,1,7,6,7,9,9,10,6,6,5,5,1,2,1,1,3,9,5,10,4,4,9,1,10,10,4,9,9,5,6,3,5,7,1,4,8,19,4,6,11,1,8,5,5,11,22,13,3,2,4,2,3,4,22,0
"23",8,1,2,1,7,2,6,10,3,6,8,8,8,5,10,2,5,10,10,6,8,9,3,6,9,4,3,1,1,6,6,4,9,10,4,6,1,8,4,4,7,1,10,5,10,9,9,5,6,8,8,4,21,3,4,10,3,20,1,16,5,5,11,2,13,11,2,3,4,21,0
"24",6,1,9,5,1,10,7,1,2,5,4,9,2,1,4,7,2,8,1,9,1,1,4,8,10,10,6,9,1,10,10,6,6,7,9,7,10,2,5,1,3,4,8,2,8,6,7,5,6,1,9,13,3,7,4,4,12,3,19,20,5,1,8,2,11,13,2,3,4,20,0
"25",2,9,3,9,9,4,8,3,3,2,3,10,10,10,1,4,9,9,8,4,7,9,7,6,3,7,1,7,8,10,2,1,1,6,4,6,6,6,1,2,10,3,7,8,4,10,2,10,1,3,5,6,20,9,8,5,1,5,3,21,15,3,2,9,11,2,3,19,19,21,0
"26",1,7,7,3,5,7,10,8,7,2,9,7,3,9,3,5,2,5,10,6,6,6,4,3,1,9,1,9,1,7,6,5,4,7,6,2,6,4,2,4,7,10,4,4,1,7,3,9,1,7,15,15,6,4,17,12,3,23,1,19,9,12,3,5,2,4,2,3,4,23,0
"27",8,6,7,9,7,2,6,7,9,2,9,9,1,8,1,1,3,9,7,5,4,9,1,1,3,9,10,2,3,2,4,3,6,7,6,1,8,2,5,10,5,8,8,10,1,8,1,6,5,2,6,15,10,16,20,10,1,16,5,7,15,3,3,2,4,2,3,17,17,20,0
"28",6,5,9,3,9,1,5,9,10,4,9,7,6,4,9,2,8,7,1,9,9,8,8,7,4,2,3,7,10,7,3,1,2,2,7,7,3,9,3,9,4,6,6,4,10,8,1,6,10,8,6,10,4,5,6,18,13,1,8,5,9,11,20,14,2,4,2,3,4,20,0
"29",7,2,10,4,4,5,1,9,6,5,8,1,7,4,10,4,8,1,10,2,8,4,1,1,6,2,10,5,6,8,7,2,7,10,4,9,9,2,7,7,2,6,4,5,1,4,8,2,8,9,21,14,4,10,21,9,3,4,6,1,3,13,7,2,13,13,2,3,4,21,0
"30",3,6,10,9,6,8,5,4,9,1,9,1,10,4,7,5,9,2,7,6,4,2,7,9,2,2,6,10,8,2,3,3,6,7,8,1,6,5,9,6,10,2,8,8,3,6,5,8,10,8,7,12,11,6,9,3,19,16,1,4,7,22,8,20,2,4,2,3,4,22,0
"31",7,8,6,7,2,6,8,9,3,7,2,6,6,9,6,1,5,1,5,8,2,10,4,9,2,7,9,3,2,5,8,1,5,10,7,10,3,6,10,6,2,5,7,2,6,9,7,3,1,1,6,3,16,17,3,21,17,1,4,20,5,11,2,4,2,3,4,11,15,21,0
"32",10,5,3,6,5,8,8,1,3,6,6,2,8,10,1,4,3,9,7,10,8,1,10,9,3,1,5,2,4,8,7,1,8,2,3,7,3,2,2,5,7,4,9,3,3,4,3,1,10,4,6,18,14,17,20,1,17,3,21,9,3,2,5,7,2,18,19,4,6,21,0
"33",2,4,7,6,9,8,3,7,2,8,3,10,6,5,5,4,6,8,6,7,6,7,1,1,5,7,2,10,8,5,5,5,2,4,4,7,3,4,8,9,9,3,2,5,2,7,5,4,6,8,14,6,11,3,13,12,1,4,7,12,3,5,2,4,16,16,3,4,6,16,1
"34",2,2,4,1,3,9,6,10,7,10,8,7,10,8,7,5,5,4,1,8,4,9,3,10,3,4,8,4,10,2,1,4,4,1,1,8,1,5,4,9,7,5,3,1,4,7,5,1,6,3,5,6,16,10,7,1,4,20,3,7,11,5,2,4,2,3,4,10,8,20,0
"35",8,4,2,3,4,10,7,9,8,10,5,7,10,7,8,10,1,5,9,7,4,9,9,4,4,8,7,2,1,6,1,6,4,4,5,3,3,10,1,2,2,2,7,1,8,3,7,10,8,8,14,6,8,6,1,12,9,5,3,3,18,18,19,20,7,2,14,13,4,20,0
"36",6,2,1,10,1,2,8,7,10,10,1,10,5,7,10,9,4,3,10,3,2,2,6,10,8,2,8,7,4,9,3,3,7,4,6,6,1,4,2,8,7,5,2,5,6,2,7,1,3,6,18,4,20,19,8,3,4,19,16,1,5,5,6,16,2,4,2,3,4,20,0
"37",5,4,5,4,6,5,7,10,7,10,2,8,3,4,7,4,7,8,7,2,3,4,5,9,4,6,1,7,6,2,9,4,10,3,5,4,5,7,2,1,5,4,6,7,5,5,8,5,3,5,5,6,13,18,9,4,7,1,4,3,8,9,3,2,18,20,2,3,4,20,0
"38",8,8,8,2,4,8,8,8,7,2,7,1,8,8,10,3,9,4,4,4,7,8,5,7,1,7,7,2,4,3,5,4,9,9,1,6,3,7,9,7,3,2,4,4,3,8,10,10,7,4,15,15,4,11,14,11,10,1,4,7,15,3,10,2,4,5,5,3,4,15,1
"39",4,1,1,9,8,7,4,7,7,2,7,4,5,5,6,2,1,8,10,2,1,8,5,1,8,1,10,1,2,7,8,8,1,6,2,6,4,10,1,3,2,2,2,4,5,10,6,3,4,3,12,8,4,22,10,4,11,1,3,6,15,20,3,2,9,7,2,3,4,22,0
"40",9,5,7,2,2,6,9,9,4,3,4,8,1,3,9,9,4,3,7,3,6,4,6,5,10,9,10,8,4,10,3,10,4,5,1,6,4,5,9,1,7,9,3,7,2,8,6,5,1,6,13,6,4,18,17,14,9,3,15,5,1,5,3,12,2,4,2,3,4,18,1
"41",10,2,2,1,2,9,3,6,3,4,1,8,3,6,7,7,4,5,4,3,7,10,5,4,10,2,2,4,6,1,1,5,9,2,3,5,4,2,10,9,9,8,6,10,3,2,10,3,4,10,4,19,8,7,19,13,4,1,5,18,3,3,7,2,4,2,8,9,4,19,0
"42",1,5,6,3,5,10,5,3,7,5,7,8,6,5,1,9,4,5,9,8,6,6,4,1,3,9,3,7,2,10,3,4,3,5,7,9,10,3,3,1,7,6,1,5,1,6,7,10,9,10,22,20,6,6,12,5,1,10,7,21,3,19,3,2,17,15,2,3,4,22,0
"43",6,8,10,8,3,4,6,6,4,5,6,1,4,1,4,7,4,3,3,4,2,4,1,4,1,3,8,3,10,8,3,2,5,8,5,7,4,1,5,3,3,9,8,6,5,10,8,8,4,2,6,4,3,9,7,1,4,18,12,19,19,2,5,17,18,2,3,11,11,19,0
"44",4,4,9,5,9,10,1,3,4,6,8,8,5,3,3,5,4,4,6,3,6,8,1,1,5,6,6,4,8,9,6,7,1,10,2,6,10,1,2,4,10,7,8,9,10,3,6,4,9,7,22,16,6,3,7,4,3,4,19,1,18,10,15,2,13,11,2,3,4,22,0
"45",2,1,10,10,2,1,1,10,4,9,1,7,8,4,4,6,5,2,6,6,1,1,3,5,3,1,5,5,6,2,7,9,4,3,2,4,7,9,5,5,4,6,9,10,4,9,6,1,8,4,18,6,4,19,9,4,3,14,15,6,1,3,8,2,4,2,3,11,11,19,0
"46",9,7,7,10,6,3,4,8,5,9,4,2,8,9,5,8,5,7,6,9,9,3,4,6,1,8,6,9,4,6,3,2,2,7,3,1,4,9,4,10,5,7,9,5,9,7,7,3,5,4,16,5,23,6,3,14,21,1,18,3,20,8,17,2,4,2,3,4,6,23,0
"47",3,4,2,9,4,6,8,2,5,7,6,3,9,7,3,3,2,9,5,1,4,5,7,1,3,4,4,4,9,9,4,9,9,5,6,6,8,4,3,8,1,6,2,2,2,7,4,3,2,9,6,17,21,14,14,3,4,1,15,9,7,8,2,9,11,2,9,10,4,21,0
"48",10,7,8,3,6,3,9,10,9,8,5,3,9,4,10,10,7,5,8,10,2,7,6,3,7,3,4,1,10,1,1,1,6,10,4,8,2,3,8,2,2,10,1,1,2,5,1,3,1,6,7,4,6,3,8,1,5,21,3,18,2,5,14,17,2,9,8,4,6,21,0
"49",8,5,7,4,8,1,1,2,7,1,3,10,3,4,2,10,2,3,4,10,2,10,8,7,8,7,1,4,4,9,10,7,10,7,8,4,10,7,4,3,9,10,4,3,7,4,9,8,9,8,17,5,6,4,7,16,19,17,3,5,1,3,6,2,4,2,9,8,4,19,0
"50",7,5,6,4,5,4,9,5,5,9,8,6,7,10,1,5,5,4,5,9,3,7,6,1,3,7,5,5,3,4,10,3,5,7,8,5,8,6,3,6,1,4,7,3,10,4,2,6,5,4,16,6,15,3,10,12,11,5,1,5,5,11,2,16,16,2,3,4,6,16,1
"51",1,6,9,6,10,9,9,3,8,4,6,8,1,5,7,3,5,2,10,1,9,8,10,10,7,6,8,6,5,2,4,1,8,8,8,7,1,7,8,8,7,10,2,8,4,3,5,8,2,9,7,6,7,14,4,10,3,5,1,5,10,15,6,18,2,4,2,3,4,18,1
"52",1,9,6,3,1,3,4,6,8,2,6,3,4,6,9,9,3,7,4,2,1,1,10,5,7,9,4,7,2,3,4,3,9,7,8,4,4,8,3,5,2,5,10,4,4,5,6,10,5,1,6,6,4,18,10,3,20,14,17,1,5,9,3,16,2,4,2,3,4,20,0
"53",3,7,6,3,4,9,1,1,8,7,8,3,10,10,5,2,3,8,9,2,4,4,9,7,6,8,1,10,10,4,5,1,6,1,2,3,5,8,5,1,9,5,9,6,7,2,8,2,4,8,19,15,20,22,18,4,10,4,1,5,3,16,3,7,2,4,2,3,4,22,0
"54",1,5,10,5,9,3,1,8,6,10,8,10,4,3,8,4,2,8,8,8,3,9,6,6,10,3,10,3,8,8,2,3,1,6,8,6,8,8,4,3,7,2,7,4,5,4,6,2,3,4,10,6,4,13,4,17,14,1,18,17,19,7,23,3,2,4,2,3,4,23,0
"55",9,6,10,8,8,3,3,2,1,6,7,5,1,4,1,8,6,3,8,10,5,3,1,8,5,5,1,7,9,5,7,6,3,5,1,3,10,5,2,6,2,10,3,10,8,7,8,9,8,1,12,5,6,3,22,4,10,3,12,7,1,10,9,2,15,17,2,3,4,22,0
"56",1,2,8,7,4,10,5,10,3,1,1,10,5,1,9,2,6,2,1,4,9,3,5,4,7,7,5,10,9,1,1,3,5,5,4,1,3,8,10,2,6,3,8,2,4,8,6,3,2,8,5,6,19,22,17,15,18,17,5,7,1,4,9,3,2,4,2,3,4,22,0
"57",10,2,6,8,8,4,8,7,6,2,2,1,4,1,2,2,6,7,9,9,6,5,4,5,5,1,9,1,8,1,1,4,8,4,8,8,10,2,9,9,4,9,7,1,8,9,2,6,2,4,6,16,10,18,4,18,1,8,5,14,9,3,2,5,7,2,3,12,10,18,1
"58",9,4,3,8,1,5,6,3,4,1,8,9,10,1,8,7,2,4,2,4,2,5,10,5,3,8,1,9,6,10,8,2,7,10,8,2,3,2,1,4,3,2,10,10,2,2,8,6,6,9,6,23,19,3,20,18,12,3,5,1,23,22,9,2,5,7,2,3,4,23,0
"59",3,4,9,2,3,4,10,7,10,5,5,9,4,7,10,1,7,1,2,3,8,5,1,10,9,5,4,7,3,1,3,10,5,4,1,7,6,1,1,9,5,1,6,6,1,9,2,4,6,6,19,6,4,7,9,16,15,6,5,1,16,3,9,2,5,7,2,3,4,19,0
"60",7,7,10,10,7,8,4,1,7,2,9,9,9,10,8,9,8,7,7,8,2,3,8,8,5,8,5,7,7,8,5,3,6,3,7,1,3,2,1,6,8,10,3,1,9,3,3,6,1,5,6,10,4,25,22,1,4,7,3,14,3,2,5,7,2,21,20,10,8,25,0
"61",4,3,7,4,5,3,9,8,9,6,3,9,3,8,5,2,10,3,7,6,7,6,1,5,1,4,8,7,4,1,2,5,4,1,10,10,8,8,9,3,2,6,8,8,1,8,8,10,2,7,6,19,18,9,4,7,20,1,19,5,13,3,3,2,15,17,2,3,4,20,0
"62",10,8,3,4,7,4,9,9,10,5,7,10,5,4,8,10,2,2,1,9,6,4,3,1,9,8,9,8,6,10,7,5,5,8,1,3,2,2,3,1,6,6,10,8,7,9,7,5,5,8,4,4,11,9,10,17,5,1,3,7,14,8,8,5,11,16,2,3,4,17,1
"63",5,10,10,9,2,5,6,2,7,4,10,8,6,4,9,9,10,1,8,6,3,2,8,8,1,2,5,9,10,6,9,2,7,4,9,10,4,6,7,2,6,6,6,3,5,4,2,1,10,8,5,17,8,15,8,9,5,1,6,3,7,10,2,4,2,18,17,10,10,18,1
"64",7,3,5,1,9,5,2,5,5,6,3,3,5,2,1,8,5,9,7,6,5,10,4,5,1,6,6,9,3,9,5,10,7,2,5,5,3,9,6,4,7,10,4,1,7,6,3,6,7,7,19,10,16,18,7,6,10,15,1,12,13,3,3,5,2,4,2,3,4,19,0
"65",1,2,1,4,6,2,7,10,9,3,9,4,10,5,2,8,10,4,6,9,2,9,5,8,10,2,9,7,7,3,9,6,9,1,1,3,2,2,10,3,6,9,6,3,4,10,10,10,5,7,15,21,18,16,4,9,8,12,6,1,3,3,9,2,14,12,2,3,4,21,0
"66",3,4,8,10,7,8,7,1,8,4,10,4,9,8,2,3,8,8,4,5,2,1,10,3,4,10,9,10,7,5,6,3,7,7,4,2,10,10,2,10,3,2,3,4,8,6,7,6,4,2,6,6,4,7,20,3,16,13,1,5,3,9,2,18,16,9,9,3,4,20,0
"67",4,7,7,10,2,9,3,6,9,5,8,9,9,9,9,7,5,10,3,7,9,7,5,8,1,7,8,8,1,9,5,1,9,5,2,1,7,1,2,2,2,10,7,2,2,6,8,9,1,2,11,6,4,3,7,1,4,17,3,9,5,2,21,21,2,13,14,18,18,21,0
"68",9,7,3,8,3,2,7,3,7,9,9,8,3,8,8,6,6,5,2,9,7,1,6,10,1,8,6,4,2,7,6,8,9,10,10,6,4,2,7,1,3,8,6,2,7,8,1,5,10,4,17,14,19,6,7,5,1,5,9,3,2,12,17,7,2,3,4,10,8,19,0
"69",2,5,1,10,5,8,10,8,1,6,3,2,9,7,7,4,10,9,8,4,7,7,4,5,5,9,1,7,5,4,8,8,7,10,10,4,3,1,1,2,10,9,2,7,5,6,4,8,6,2,14,4,3,14,8,14,3,5,1,5,8,2,17,15,12,2,3,7,9,17,1
"70",2,3,2,8,7,9,7,6,4,9,6,1,9,3,10,8,6,7,10,2,1,3,4,6,7,7,10,3,7,3,5,6,3,7,8,8,8,2,7,4,2,5,1,2,4,10,3,10,6,6,7,4,3,8,3,6,16,18,1,5,14,8,2,10,19,13,2,3,4,19,0
"71",8,5,8,1,4,7,6,3,10,3,10,9,9,8,7,10,7,10,8,3,7,8,10,1,8,8,7,3,4,7,2,5,9,6,3,3,2,7,1,7,9,3,2,3,3,9,7,1,1,3,6,4,7,9,1,5,17,3,3,13,6,6,4,20,20,3,18,12,22,22,0
"72",8,6,1,10,6,6,3,9,2,8,6,5,7,6,6,4,4,2,7,9,7,7,6,3,7,3,6,1,6,7,4,6,10,10,10,8,5,3,6,9,3,7,5,5,6,10,2,1,5,3,7,4,19,13,13,14,3,1,8,5,8,2,18,16,2,3,4,10,14,19,0
"73",5,3,5,7,8,9,2,5,8,7,7,3,10,2,6,2,3,10,5,3,7,8,5,5,7,5,2,9,9,5,3,9,1,10,5,5,1,5,4,7,3,6,2,8,10,4,10,1,8,2,6,4,5,12,7,14,3,5,1,5,3,10,2,16,14,2,3,17,19,19,0
"74",9,6,2,8,6,9,2,7,8,1,4,3,5,10,2,3,4,2,5,10,5,3,9,2,7,4,6,6,3,9,10,3,7,8,10,10,1,4,1,8,6,9,8,8,3,2,3,9,7,6,6,15,6,7,8,11,3,9,1,3,6,18,16,2,4,2,19,18,4,19,0
"75",3,3,6,4,10,3,8,2,9,10,10,4,7,9,6,1,6,10,8,10,9,9,5,5,3,4,9,8,6,1,3,6,8,1,3,10,2,1,6,4,9,3,5,4,4,8,7,4,7,4,7,15,16,7,10,7,11,1,5,13,3,3,5,2,4,2,3,4,6,16,1
"76",7,9,1,1,5,7,1,3,6,2,9,10,10,10,9,2,6,8,4,2,1,4,1,1,6,5,4,6,9,3,5,2,1,8,4,8,2,10,6,1,9,8,7,8,7,1,1,4,7,9,4,10,5,8,18,3,18,17,18,6,1,3,13,8,2,4,2,3,4,18,1
"77",10,2,3,1,7,10,5,4,3,10,9,9,6,9,2,3,2,2,1,5,7,9,7,7,8,2,4,3,8,8,9,8,5,9,5,4,3,2,2,4,10,7,5,8,9,10,3,7,4,4,6,15,16,4,12,19,20,1,17,7,11,8,2,5,7,2,3,4,6,20,0
"78",2,6,7,1,7,1,3,7,4,8,7,9,8,10,2,4,2,1,7,2,10,1,1,8,6,5,1,5,1,5,8,8,7,3,6,4,9,4,9,9,3,10,6,9,7,2,5,7,1,7,12,6,21,20,3,18,16,3,4,7,12,1,9,9,2,4,2,3,4,21,0
"79",4,8,6,5,7,8,9,9,2,5,8,7,10,10,8,7,5,9,1,4,5,7,5,7,5,9,5,3,5,7,3,5,6,4,9,5,7,7,6,3,4,7,3,9,9,1,10,10,7,10,5,6,10,8,3,4,9,9,1,8,22,14,9,2,19,21,2,3,4,22,0
"80",9,4,7,4,9,2,9,4,1,6,9,10,2,1,3,6,7,5,2,3,6,1,3,10,9,7,4,4,3,3,8,9,7,6,4,8,5,8,4,8,5,5,6,8,9,3,4,5,6,6,6,17,3,14,17,19,3,17,16,10,1,13,5,12,2,4,2,3,4,19,0
"81",9,2,6,7,10,10,8,3,7,9,7,7,7,4,5,3,5,10,6,4,2,4,10,8,4,3,2,6,8,8,3,2,8,3,4,7,6,10,8,5,8,4,6,9,2,4,8,6,8,5,6,10,24,4,23,18,1,4,3,8,13,3,2,4,5,5,19,18,4,24,0
"82",7,4,9,8,2,3,2,8,8,9,7,6,7,3,10,2,4,8,7,4,4,4,3,9,10,3,3,2,5,10,9,3,8,7,4,7,2,10,3,8,8,7,2,2,9,2,10,7,9,1,6,4,5,4,10,3,14,6,1,3,19,17,20,2,4,2,19,18,4,20,0
"83",6,6,10,2,3,4,3,7,4,2,5,6,4,7,1,8,5,2,10,3,3,4,2,6,7,1,7,7,3,5,4,3,5,8,8,2,1,1,6,9,4,10,6,1,5,3,2,9,10,2,11,15,7,15,4,3,5,6,1,3,20,13,13,4,2,21,22,12,10,22,0
"84",5,10,8,4,6,3,3,8,3,6,4,1,10,2,8,4,10,10,4,7,3,5,9,9,7,2,7,6,3,7,9,1,1,3,4,4,1,1,6,3,3,10,6,1,10,7,3,9,10,2,15,4,6,19,6,4,5,1,5,17,22,10,3,2,16,14,2,3,4,22,0
"85",3,8,2,1,2,10,2,9,4,5,4,1,9,2,9,10,2,2,10,6,6,5,4,1,8,2,6,5,2,8,3,2,10,6,4,4,10,8,8,1,3,7,3,2,9,8,6,6,9,9,4,7,17,20,19,4,10,3,1,5,19,6,22,5,2,4,2,3,4,22,0
"86",10,9,3,9,9,10,1,1,10,3,3,4,5,10,9,4,5,6,3,10,3,5,3,2,5,7,7,3,4,4,1,7,3,2,2,3,2,6,1,8,1,3,1,2,6,7,2,9,4,4,4,11,8,6,19,19,6,1,9,3,20,21,2,13,11,8,8,3,4,21,0
"87",7,9,1,6,4,1,1,1,6,1,10,9,1,5,4,9,2,1,8,9,6,9,4,5,10,2,9,1,9,4,4,9,9,4,7,8,9,9,8,7,7,3,5,7,7,6,4,3,8,10,20,20,5,20,4,11,8,13,9,1,3,5,17,14,2,4,2,3,4,20,0
"88",1,7,2,8,6,2,2,10,3,9,1,3,10,2,5,9,8,8,6,6,5,8,7,2,2,6,7,2,10,4,9,8,4,9,5,9,6,9,7,5,4,6,5,8,2,10,4,10,7,3,15,16,16,12,3,17,18,4,3,1,8,5,15,11,2,4,2,3,4,18,1
"89",3,7,4,10,8,10,3,10,7,2,9,2,7,8,3,2,8,5,4,7,1,6,6,8,2,2,3,8,3,3,6,7,6,7,3,2,2,3,8,8,10,10,5,9,1,7,4,1,2,4,6,4,9,8,15,3,20,1,6,3,11,17,13,13,4,2,3,18,18,20,0
"90",8,6,1,6,1,9,1,7,2,6,10,1,7,1,5,1,10,4,10,7,3,8,2,10,1,9,1,10,4,9,4,9,9,7,2,1,7,2,9,4,8,7,2,10,6,10,5,9,1,1,15,7,3,15,4,19,3,11,7,1,4,12,8,2,4,2,3,14,16,19,0
"91",9,3,1,7,5,2,9,9,6,2,2,6,8,6,6,2,3,4,1,9,5,1,10,10,6,2,3,4,8,9,4,1,10,1,2,5,10,2,1,1,8,10,7,4,8,7,1,6,3,8,6,8,6,6,8,20,5,1,3,6,17,21,2,5,16,19,2,3,4,21,0
"92",6,3,2,4,1,8,10,8,7,2,9,6,8,3,1,5,4,3,3,6,3,5,2,7,6,8,6,6,10,3,7,9,10,2,8,3,10,9,8,9,4,6,7,10,5,8,10,4,9,3,5,12,20,22,9,11,18,10,5,5,1,16,3,11,2,4,2,3,4,22,0
"93",3,6,9,6,6,9,4,5,4,10,1,1,5,5,5,9,2,10,3,8,9,9,1,6,5,6,4,1,1,8,1,6,1,7,4,4,2,8,6,7,10,8,8,5,3,5,9,6,10,6,17,11,6,4,4,11,3,8,1,5,20,3,21,2,4,2,11,12,4,21,0
"94",5,4,9,4,6,10,3,9,5,8,10,6,4,5,2,1,6,8,3,6,9,4,9,4,4,1,10,8,4,7,6,3,8,6,9,9,5,6,3,8,1,1,5,5,6,4,7,3,2,9,6,10,5,4,8,16,3,5,1,6,3,9,2,16,14,2,3,19,17,19,0
"95",6,8,2,5,4,2,10,5,3,2,5,3,2,1,3,2,4,9,9,3,6,5,7,6,8,2,2,7,6,4,8,9,6,4,3,3,10,9,6,10,4,3,5,7,8,7,8,7,9,3,6,8,19,6,10,20,13,13,1,3,6,3,10,2,4,5,5,3,4,20,0
"96",6,2,5,4,2,3,6,5,3,3,9,9,2,7,3,3,4,9,3,7,4,1,4,5,6,1,7,5,6,2,3,8,1,1,8,1,7,3,10,7,10,3,5,1,4,3,8,8,1,1,6,10,4,9,4,5,1,5,16,6,21,3,2,4,7,7,3,18,18,21,0
"97",5,1,4,10,5,10,6,1,5,3,9,6,10,5,3,4,9,3,8,3,1,3,7,9,4,1,9,9,8,1,10,4,9,8,9,2,2,9,1,2,7,7,1,4,10,1,8,10,4,9,5,10,14,7,8,14,3,9,12,1,6,3,9,2,18,18,2,3,4,18,1
"98",5,1,4,3,7,9,10,4,4,5,7,6,6,9,4,4,3,9,8,9,6,9,8,6,2,6,8,8,5,9,10,8,8,5,3,3,4,2,5,10,10,5,4,3,8,5,5,4,3,9,11,7,13,3,7,17,18,1,5,12,3,5,2,4,17,17,3,9,11,18,1
"99",3,8,3,1,9,4,9,5,10,9,3,8,7,9,2,2,2,4,1,9,5,5,10,4,6,6,5,7,8,7,1,1,10,3,8,1,8,7,5,9,3,8,4,5,1,6,3,9,1,6,5,6,18,17,8,20,15,3,5,1,5,3,9,2,4,2,3,4,6,20,0
"100",1,3,8,2,9,2,8,8,8,6,5,4,3,2,2,8,2,4,1,10,7,10,1,9,6,3,2,7,4,8,8,1,9,5,1,10,8,5,4,1,8,4,7,10,6,1,6,1,2,6,5,6,22,4,4,10,3,17,1,3,17,12,5,2,4,2,3,19,21,22,0
"101",1,4,2,3,1,1,9,5,10,1,2,5,3,10,1,6,3,1,5,3,2,8,8,3,7,8,7,10,6,8,10,3,3,8,4,5,8,8,9,7,9,2,3,10,8,5,4,4,4,2,19,6,16,4,18,16,12,3,5,1,3,6,9,2,4,20,20,3,4,20,0
"102",8,3,3,6,6,4,5,6,7,7,6,9,8,1,8,10,6,8,8,3,5,2,2,2,9,9,6,5,5,5,4,6,6,5,1,4,8,6,8,2,9,1,8,2,6,6,6,10,5,5,12,14,14,5,8,10,18,15,10,1,7,3,3,10,2,4,2,3,4,18,1
"103",5,1,7,1,2,3,9,9,5,9,2,1,7,5,3,9,6,9,1,6,10,4,8,6,4,9,7,10,4,4,5,10,8,10,3,8,6,4,1,9,7,1,5,6,1,6,6,1,9,7,11,13,16,7,4,11,3,11,1,5,5,18,3,14,2,4,2,3,4,18,1
"104",3,7,1,6,9,7,7,7,5,1,1,4,1,1,4,6,4,9,9,7,9,4,1,6,4,1,2,5,3,4,1,1,4,3,9,2,6,8,9,6,7,7,3,7,7,10,1,4,6,2,5,6,14,15,8,5,9,1,8,16,17,20,3,2,4,2,3,12,10,20,0
"105",6,5,8,10,10,1,2,1,9,2,8,9,5,4,4,8,10,6,8,4,7,2,4,2,8,8,5,2,10,7,10,2,7,5,6,4,6,7,1,2,4,1,5,2,7,8,6,9,7,10,4,5,6,10,8,13,6,1,3,10,9,3,2,12,20,20,2,3,4,20,0
"106",6,2,4,6,5,2,2,8,9,1,3,6,2,10,3,3,7,8,1,4,5,3,4,2,8,4,7,3,7,7,5,7,10,3,7,4,6,5,1,10,3,3,8,4,8,1,4,6,10,10,6,10,5,6,10,20,8,10,9,1,3,6,9,2,15,17,2,3,4,20,0
"107",2,4,7,8,2,5,4,3,6,8,3,3,4,9,7,3,2,5,10,4,7,5,4,7,8,9,1,1,10,7,10,6,6,1,1,5,8,1,8,5,9,4,6,8,5,10,7,7,6,2,7,21,4,3,11,19,18,11,4,1,17,14,3,9,2,4,2,3,4,21,0
"108",10,8,2,10,6,3,3,1,8,6,10,3,5,10,3,4,4,3,3,4,6,5,9,7,5,4,6,3,6,9,8,7,7,2,8,1,3,6,3,8,6,7,5,3,3,1,2,10,3,2,13,11,5,18,7,6,21,9,1,3,6,18,2,4,2,17,18,11,13,21,0
"109",3,3,9,7,7,1,9,3,8,8,5,1,9,5,3,7,9,7,6,10,7,10,4,6,8,3,7,7,7,1,5,8,2,10,10,6,1,4,1,6,8,4,8,9,1,3,9,2,6,1,17,16,4,11,7,4,3,9,1,3,5,8,2,18,16,2,3,11,11,18,1
"110",4,10,7,1,8,8,6,9,4,6,8,4,10,5,2,2,9,4,8,9,7,7,2,2,1,5,1,8,8,7,10,6,5,4,3,8,8,4,8,3,7,6,6,4,4,9,4,2,7,10,14,14,3,6,8,12,20,1,10,11,11,5,2,13,11,2,3,4,6,20,0
"111",8,7,10,7,1,9,1,4,6,9,2,10,5,5,10,1,5,1,2,2,9,9,2,7,5,1,2,10,7,10,8,1,8,5,4,3,1,1,5,5,8,5,6,10,3,2,6,9,2,8,6,7,13,16,15,4,18,1,4,3,22,21,7,2,4,2,19,18,4,22,0
"112",6,4,4,3,1,5,2,5,1,5,1,7,1,8,7,2,6,1,9,3,8,8,6,7,7,7,10,1,10,1,2,2,6,4,8,7,5,8,4,4,6,3,8,7,7,8,1,9,2,4,4,8,5,19,7,12,9,3,8,1,5,16,18,2,4,2,3,10,12,19,0
"113",4,7,5,2,5,5,7,8,8,7,4,2,2,9,10,1,9,4,3,5,9,5,9,9,5,9,10,1,5,6,10,2,1,10,7,10,9,8,7,10,9,1,4,8,1,3,3,1,3,7,5,10,9,3,14,12,20,3,1,8,5,19,19,2,4,2,3,4,6,20,0
"114",9,3,4,2,2,8,4,1,3,5,6,1,5,5,3,2,2,8,5,1,1,7,1,4,4,8,6,4,2,5,3,6,5,10,3,2,10,1,5,2,9,3,10,5,8,1,9,10,9,3,9,11,7,4,19,19,3,4,7,5,1,10,3,2,13,15,2,3,4,19,0
"115",2,3,8,6,8,8,2,5,3,6,5,9,5,8,5,9,8,7,10,6,9,3,5,9,1,6,8,5,2,1,8,3,9,4,2,4,4,8,1,1,9,9,4,1,6,10,3,6,3,8,19,6,20,3,8,13,1,10,17,7,3,5,2,21,21,2,3,4,6,21,0
"116",5,8,3,6,7,6,1,3,9,9,9,10,7,10,5,8,2,5,1,2,2,1,1,3,2,5,1,8,7,9,7,5,4,8,1,4,8,10,6,4,5,8,3,9,6,1,9,10,1,5,15,5,15,8,3,4,9,17,6,1,13,3,7,9,2,4,2,3,4,17,1
"117",2,5,3,4,9,7,3,2,10,2,6,1,2,3,1,9,5,7,2,2,7,5,1,1,8,8,5,3,7,2,2,4,6,9,3,10,9,5,10,6,5,4,2,5,9,9,4,7,4,5,9,12,21,18,21,10,4,3,16,5,1,10,3,15,2,4,2,3,4,21,0
"118",7,9,9,7,3,3,9,7,6,5,6,10,2,1,4,6,7,7,8,5,8,10,6,6,10,3,10,6,4,7,6,5,4,1,2,6,4,6,10,7,2,3,5,7,5,10,9,10,3,7,6,13,21,6,12,21,13,1,3,6,5,17,3,9,2,4,2,3,4,21,0
"119",4,7,9,1,5,10,9,4,10,1,2,10,10,3,2,9,6,5,5,9,8,8,9,2,3,5,9,3,1,1,8,4,9,1,7,10,6,7,8,10,1,9,1,8,4,2,2,1,9,7,24,6,17,22,17,11,12,1,9,3,5,5,21,13,2,4,2,3,4,24,0
"120",6,3,8,1,8,1,1,2,3,1,7,2,8,6,8,4,4,3,2,2,8,2,1,5,2,7,6,6,10,9,9,8,6,5,10,6,1,3,9,2,8,9,7,7,8,4,5,6,2,7,20,15,4,5,21,3,4,9,8,10,5,5,1,9,2,4,2,3,4,21,0
"121",2,8,7,4,6,8,10,9,6,8,1,2,3,2,3,5,9,2,3,9,9,3,6,4,10,7,3,9,3,6,3,2,10,9,10,2,2,10,7,1,7,7,7,1,3,5,9,4,5,1,5,14,20,17,4,4,3,5,1,5,3,9,15,15,4,2,13,12,4,20,0
"122",4,9,9,7,4,6,5,5,5,7,5,8,9,2,5,5,9,4,6,4,10,7,8,10,6,10,7,2,9,10,5,10,3,6,10,9,7,10,3,9,4,9,1,1,3,3,10,6,9,3,14,6,11,3,17,10,4,3,8,1,5,16,2,18,20,2,19,20,4,20,0
"123",10,4,5,9,9,5,7,2,9,6,2,2,10,4,4,7,1,10,3,9,7,5,5,3,5,6,1,5,6,9,6,6,6,6,7,1,2,9,5,7,8,3,10,3,3,1,2,2,7,7,6,16,4,17,3,1,3,9,5,5,18,18,4,2,15,21,11,4,6,21,0
"124",7,9,10,4,8,1,4,5,10,10,10,8,10,6,4,9,5,5,6,10,8,7,6,6,10,1,4,2,2,2,8,2,8,8,4,7,6,5,3,2,2,4,10,1,10,5,4,3,9,9,7,10,6,8,3,1,3,6,5,19,15,9,2,12,14,2,3,4,6,19,0
"125",3,7,10,5,5,3,10,1,3,2,2,1,2,5,4,9,9,7,9,8,6,1,9,2,8,1,3,4,10,5,7,5,1,3,1,4,2,4,6,10,10,5,4,3,3,7,4,3,5,5,7,4,20,4,11,18,18,1,3,6,14,3,17,2,4,2,13,14,4,20,0
"126",6,3,3,4,4,4,1,1,8,8,9,6,7,2,3,8,7,1,3,6,4,3,2,3,4,10,9,7,1,1,5,6,9,9,5,5,6,5,4,7,5,6,4,3,9,9,4,8,3,1,10,21,14,4,4,3,5,5,1,20,17,3,2,9,7,2,3,12,12,21,0
"127",4,2,6,6,4,8,6,8,5,4,9,4,9,9,7,1,5,1,8,10,5,8,5,5,4,6,8,2,6,2,9,3,6,3,10,9,4,9,3,7,9,8,4,7,3,3,10,9,9,10,5,6,3,4,18,11,13,10,1,4,7,21,9,14,2,4,2,3,4,21,0
"128",3,9,1,1,7,7,9,3,2,4,10,8,3,1,6,1,2,3,6,1,8,9,6,7,9,2,1,4,9,4,6,5,10,4,3,1,2,4,6,5,10,2,3,5,2,3,9,5,7,9,7,4,12,11,7,19,17,3,5,1,10,7,8,8,4,2,9,8,4,19,0
"129",6,8,4,9,10,3,3,5,1,10,4,1,3,6,6,3,10,8,4,10,3,7,9,2,4,1,6,10,5,2,2,5,1,8,4,5,6,7,7,7,4,6,3,5,9,5,4,3,8,6,4,5,15,6,6,15,3,5,1,5,16,15,8,2,4,2,3,4,6,16,1
"130",1,10,3,8,10,10,8,9,5,7,10,8,10,4,5,8,1,1,9,2,6,3,5,2,4,10,4,6,1,10,7,2,3,1,10,6,8,9,3,8,8,1,10,9,9,7,2,5,4,2,5,6,3,11,9,5,1,8,11,14,21,10,2,4,2,3,7,11,16,21,0
"131",9,1,5,1,10,1,6,9,10,2,3,9,8,7,6,1,1,10,5,8,8,4,5,5,7,9,10,7,1,7,2,6,2,2,8,6,7,5,9,3,5,2,3,3,4,10,8,4,5,6,6,16,4,4,9,20,15,5,5,1,5,3,13,3,2,4,2,3,4,20,0
"132",1,10,3,3,9,9,9,9,10,10,4,8,7,3,5,4,4,5,2,2,5,5,6,7,10,2,2,3,9,3,6,10,3,7,6,7,9,8,10,8,6,9,7,5,4,4,2,6,4,10,5,6,9,19,8,3,16,1,3,9,13,16,19,2,4,2,3,13,11,19,0
"133",2,1,2,5,7,9,3,8,1,4,5,4,1,10,4,4,4,8,5,8,10,5,8,10,7,8,8,6,4,5,2,3,9,3,5,3,4,8,1,10,2,3,3,6,10,3,8,7,6,9,12,8,4,19,15,4,18,1,5,16,3,8,2,9,11,8,8,3,4,19,0
"134",4,7,1,4,6,6,9,8,3,6,7,2,6,5,5,2,2,10,7,2,1,4,2,9,3,9,2,4,3,3,4,7,3,9,8,7,4,10,2,3,8,9,6,9,2,6,7,9,7,4,4,3,8,19,12,3,4,17,6,1,13,14,5,11,2,4,2,3,4,19,0
"135",3,2,2,6,7,10,2,4,2,2,6,10,9,8,8,7,1,1,6,9,7,5,3,9,10,5,9,7,7,4,8,5,5,7,9,2,10,4,10,10,2,6,10,6,4,3,3,7,4,10,14,8,4,17,3,9,16,3,5,5,1,9,2,4,2,14,15,11,13,17,1
"136",6,4,5,9,4,5,2,5,3,7,1,3,9,3,2,8,4,2,10,2,3,8,9,7,7,5,9,5,7,3,3,6,9,6,7,7,1,10,5,7,8,6,7,10,2,6,4,2,8,5,14,5,13,7,12,11,4,3,13,16,1,5,21,17,2,4,2,3,4,21,0
"137",10,7,6,3,6,5,7,3,7,1,10,9,9,8,5,2,4,1,2,7,7,10,5,3,1,7,10,2,2,7,3,6,2,7,8,9,9,10,4,1,6,3,7,3,2,5,3,10,2,3,18,6,7,15,18,17,10,1,4,5,5,3,12,2,4,2,3,9,11,18,1
"138",4,7,2,4,2,8,7,10,2,9,8,7,5,6,4,9,8,5,4,2,6,6,3,3,8,7,6,2,3,5,6,4,3,6,3,9,9,7,7,9,5,10,3,2,3,9,8,6,9,3,4,8,3,12,11,4,16,1,17,5,9,16,20,2,4,2,13,14,4,20,0
"139",2,4,5,1,5,8,10,10,1,1,7,6,1,9,3,10,10,4,8,4,1,7,10,5,8,7,4,10,1,7,8,8,7,9,8,9,5,5,7,6,5,8,8,2,8,1,3,6,2,8,12,14,10,21,3,19,13,8,3,19,18,1,5,9,2,4,2,3,4,21,0
"140",7,5,2,3,4,7,1,10,8,2,9,7,3,1,2,2,2,9,6,6,2,9,5,9,4,7,8,2,9,8,8,10,4,9,1,8,1,6,1,9,9,8,7,2,3,6,6,1,8,9,6,6,5,7,9,8,23,14,3,13,1,3,6,8,2,4,2,3,4,23,0
"141",5,8,9,9,3,5,9,3,7,7,1,7,1,6,2,5,2,7,9,5,5,7,8,5,6,6,1,7,9,5,9,6,8,3,7,2,6,4,9,6,8,6,6,3,10,6,9,7,10,1,7,18,22,11,16,4,12,4,7,1,3,6,9,3,2,4,2,3,4,22,0
"142",7,7,2,2,6,9,10,9,10,1,2,6,3,3,1,7,10,8,3,10,5,10,4,10,3,1,3,1,6,1,8,2,7,3,1,9,2,8,4,3,4,3,2,3,3,7,5,5,4,6,6,6,4,15,11,3,1,17,3,21,14,18,24,2,4,5,5,3,4,24,0
"143",5,3,3,1,6,2,7,5,6,1,8,10,5,9,1,10,4,1,8,1,8,4,9,3,1,1,1,4,2,8,6,7,6,4,2,5,7,2,7,7,2,5,2,10,8,1,7,1,10,5,6,7,16,15,8,3,13,10,1,20,3,22,9,2,12,14,2,3,4,22,0
"144",2,1,10,5,7,1,5,5,4,1,3,1,10,8,9,4,7,10,6,6,4,5,9,9,6,4,2,2,5,6,8,7,9,1,5,1,4,1,9,2,10,2,3,8,9,10,1,5,8,4,19,19,4,3,6,15,12,1,8,5,9,3,2,13,11,14,14,3,4,19,0
"145",6,3,7,2,2,7,3,6,10,6,2,4,1,5,2,2,2,4,6,3,5,2,2,2,5,2,2,1,4,5,7,1,3,7,9,3,5,4,4,9,5,5,3,7,5,9,10,2,4,6,7,6,5,16,4,20,21,3,4,1,3,11,7,8,2,4,2,3,4,21,0
"146",2,4,3,6,5,2,9,5,2,5,1,5,9,10,2,3,10,6,9,3,8,4,1,1,3,5,3,5,7,8,5,10,3,10,3,2,4,5,8,2,6,8,1,2,7,6,2,2,10,7,5,6,14,3,7,24,3,13,15,1,16,20,16,2,4,2,3,4,6,24,0
"147",4,6,8,9,8,3,6,2,8,8,4,2,1,3,10,10,1,5,6,9,5,6,3,7,8,1,1,5,8,5,2,10,9,10,9,6,3,5,2,4,10,8,7,10,8,4,10,3,2,3,5,4,6,20,4,10,3,5,10,1,10,17,9,2,4,2,3,16,18,20,0
"148",2,1,3,8,5,10,9,9,2,6,8,9,1,2,9,3,2,7,5,6,8,2,7,3,9,6,10,10,5,10,1,3,6,5,5,9,4,4,4,8,1,9,2,1,7,5,5,4,5,8,12,8,4,12,18,4,12,14,3,5,1,5,8,2,15,17,2,3,4,18,1
"149",2,1,4,10,7,9,2,6,5,6,7,9,10,5,8,7,9,1,4,9,5,3,2,9,10,2,8,10,5,2,5,1,8,6,5,5,2,7,10,2,10,1,6,8,10,3,9,2,4,4,15,8,4,18,4,3,5,6,1,3,14,7,2,4,2,3,19,19,10,19,0
"150",6,1,2,9,6,1,1,8,6,7,6,2,2,5,2,4,6,3,9,10,2,7,1,9,3,4,7,3,3,6,4,3,2,9,7,4,1,9,5,1,10,3,7,10,4,5,5,9,3,1,10,16,12,5,16,13,16,3,5,5,1,3,9,2,4,2,3,4,6,16,1
"151",9,9,2,5,5,8,1,6,10,6,5,9,8,6,8,9,10,10,10,4,6,10,7,4,3,4,3,5,3,5,3,4,6,4,10,10,5,2,6,2,8,8,10,1,1,9,9,4,10,10,6,12,6,4,1,8,17,11,7,13,14,18,3,2,4,2,9,8,4,18,1
"152",1,3,2,6,3,7,5,8,6,6,6,4,2,10,6,5,6,7,4,2,3,10,2,2,2,8,6,6,9,2,4,9,9,1,10,4,1,10,7,5,8,1,1,1,2,1,1,8,6,10,18,15,7,6,9,18,1,17,3,3,15,15,4,17,17,14,19,10,4,19,0
"153",5,3,1,3,7,3,2,3,9,2,2,9,4,3,7,2,6,8,7,3,10,5,2,8,7,10,4,5,3,7,7,10,10,9,8,9,1,4,4,1,4,3,3,9,5,8,6,3,9,8,15,17,17,13,7,12,18,3,5,5,1,9,3,2,4,17,17,3,4,18,1
"154",6,1,3,6,7,3,2,7,9,1,6,7,7,5,5,6,10,10,9,2,10,3,2,3,6,10,7,1,6,8,8,2,9,10,5,3,2,8,9,2,5,9,7,5,3,10,6,8,7,9,20,14,14,5,14,3,18,18,1,19,3,9,14,14,4,2,9,8,4,20,0
"155",5,5,3,5,2,6,6,3,4,7,4,5,6,4,6,6,9,9,1,2,5,10,10,5,5,7,7,4,7,9,9,3,8,5,2,3,8,3,5,2,5,7,10,2,6,10,10,5,6,5,23,12,15,3,6,8,3,10,1,23,24,11,17,2,5,7,2,3,4,24,0
"156",3,5,8,6,2,3,6,10,7,2,5,9,3,8,2,9,3,9,5,5,6,3,10,7,4,8,3,5,2,10,4,5,3,9,8,8,2,5,9,9,8,5,10,7,3,9,1,4,7,7,6,6,13,6,14,13,20,3,5,1,5,11,3,18,2,4,2,3,4,20,0
"157",8,6,2,9,7,7,4,5,8,2,1,1,2,7,9,7,8,5,3,9,2,10,2,5,6,4,1,9,5,8,10,6,1,8,8,10,2,6,7,5,6,7,9,4,10,7,5,3,9,10,4,15,15,6,8,20,3,5,1,3,6,14,8,2,4,2,3,15,13,20,0
"158",2,8,6,2,4,5,3,2,9,6,1,4,10,8,6,2,7,8,9,1,8,7,10,2,8,7,9,3,4,1,3,1,4,4,9,10,4,7,6,9,10,9,6,10,10,7,3,5,7,2,15,4,12,6,17,16,8,1,5,19,3,18,3,2,4,2,3,10,12,19,0
"159",6,1,5,7,6,5,8,5,1,7,4,5,6,10,8,5,6,3,7,7,1,2,9,9,6,7,4,10,10,7,10,3,10,9,7,5,7,7,8,4,3,10,6,2,1,1,8,2,7,7,5,8,4,3,16,3,4,16,11,1,5,18,2,4,2,21,8,20,4,21,0
"160",3,8,7,4,1,1,2,8,6,2,4,4,10,4,7,6,10,9,2,5,2,1,10,4,8,5,5,7,10,7,7,7,7,1,2,5,3,10,7,10,4,10,10,7,1,3,1,10,5,8,6,21,4,9,6,17,14,22,21,1,3,6,13,2,4,2,8,9,4,22,0
"161",7,10,2,8,1,5,2,6,2,10,6,9,8,7,6,5,6,1,4,8,9,5,4,7,10,4,4,6,6,1,3,10,3,9,3,8,5,4,7,6,2,7,9,1,8,2,9,2,1,3,4,8,16,3,4,3,7,1,10,11,5,2,15,13,2,3,19,17,10,19,0
"162",8,2,4,3,6,4,4,1,10,3,6,10,8,7,8,1,5,10,8,7,10,5,4,1,8,8,2,8,4,10,8,2,6,3,6,4,1,6,6,5,9,3,3,9,10,8,4,10,2,7,21,4,25,17,4,22,5,1,3,6,19,13,3,2,4,22,22,3,4,25,0
"163",6,9,10,6,3,9,9,1,6,1,3,9,8,1,5,4,2,5,4,6,9,3,9,4,9,8,8,6,9,5,10,3,3,6,3,3,6,2,1,8,5,6,5,3,1,9,4,7,10,9,6,3,19,6,21,4,14,3,1,5,14,8,2,5,7,2,14,15,4,21,0
"164",3,9,6,9,2,8,6,10,7,7,9,1,2,2,1,8,9,6,2,10,9,10,8,9,1,10,2,8,4,4,6,2,3,2,9,4,6,4,1,6,2,5,9,6,4,10,9,5,9,9,6,13,17,19,4,11,15,1,13,17,5,9,3,16,2,4,2,3,4,19,0
"165",1,1,1,10,5,6,3,4,6,2,1,7,10,7,7,1,10,1,4,7,10,9,4,9,1,3,9,3,6,8,4,10,8,5,2,10,3,10,2,2,7,1,6,6,6,5,3,4,5,1,5,20,16,21,22,19,3,1,14,3,12,9,2,12,10,2,3,21,23,23,0
"166",8,8,2,2,7,7,9,10,10,10,3,4,8,10,8,5,8,10,10,3,5,7,9,7,6,6,2,5,8,4,1,5,3,2,3,6,7,7,5,3,6,7,4,5,2,10,7,9,2,8,4,14,14,8,4,1,5,19,3,12,3,7,2,14,12,5,5,3,4,19,0
"167",4,2,10,5,1,8,3,3,3,2,10,7,9,6,2,2,7,1,6,2,4,5,1,1,5,10,3,9,1,5,4,2,8,1,2,8,8,5,5,7,10,7,10,5,4,7,3,2,6,8,16,14,11,3,4,11,19,4,5,1,14,7,20,7,2,4,2,3,4,20,0
"168",4,8,4,9,7,6,1,8,9,2,7,8,9,7,2,6,3,3,5,8,8,4,1,2,5,2,9,8,10,2,8,8,1,3,7,1,7,1,7,7,8,4,9,5,10,5,1,6,10,2,6,7,7,8,16,10,5,6,1,3,9,19,11,2,4,2,3,9,11,19,0
"169",2,2,10,9,1,9,3,8,4,2,3,2,7,9,4,3,9,6,9,3,6,7,3,6,1,2,2,7,5,8,10,2,9,7,2,8,8,3,3,9,1,4,9,7,7,7,4,6,1,8,15,18,14,12,4,20,9,3,1,4,3,8,11,5,2,4,2,3,4,20,0
"170",8,5,2,5,3,6,2,9,3,2,5,3,3,10,2,2,4,5,10,4,3,10,10,8,7,2,3,7,8,8,6,3,3,10,2,8,8,2,10,4,1,2,3,2,2,3,7,8,4,10,7,11,16,6,4,13,3,19,1,5,20,22,2,19,19,2,20,19,4,22,0
"171",1,4,7,3,9,8,3,8,1,5,7,6,1,5,7,8,3,8,2,9,2,6,10,7,10,3,9,4,4,7,5,5,6,4,4,9,5,7,1,10,9,6,9,10,10,4,6,7,8,7,23,8,4,17,22,6,7,6,10,3,12,1,5,9,2,4,2,3,4,23,0
"172",1,4,10,8,1,8,3,8,10,2,9,2,6,10,4,5,9,8,3,8,2,5,5,8,2,4,6,6,6,8,8,9,7,9,5,3,9,8,2,9,3,3,1,2,5,1,6,9,9,9,22,22,17,11,6,11,8,3,5,1,6,3,2,4,14,14,9,8,4,22,0
"173",3,3,2,1,2,4,3,2,9,9,6,2,5,3,10,9,4,2,7,10,9,1,3,10,5,5,9,6,10,6,4,8,4,6,3,1,5,2,9,6,4,5,4,10,2,7,2,3,6,10,4,10,22,7,19,7,9,3,12,5,1,3,9,2,4,2,3,11,11,22,0
"174",8,6,4,4,3,3,3,1,4,8,5,10,5,1,2,4,8,5,8,7,3,7,2,5,9,3,3,1,6,3,3,3,4,10,10,1,9,8,4,5,1,8,8,4,4,4,3,6,7,6,15,12,5,13,6,10,3,14,7,1,3,11,15,9,2,4,2,3,4,15,1
"175",1,8,9,9,5,1,2,8,7,5,6,6,1,6,8,4,6,2,3,3,3,3,10,4,5,1,5,6,4,9,2,2,1,1,7,7,7,9,10,3,4,5,7,3,1,7,6,3,2,8,6,6,4,9,21,4,7,1,5,6,18,9,3,2,4,2,3,13,15,21,0
"176",10,2,7,4,3,4,2,2,8,10,6,6,3,4,1,1,7,7,1,1,10,7,5,9,6,4,9,7,6,9,4,6,6,8,10,9,2,2,8,3,2,8,9,10,1,6,1,7,4,10,16,14,12,20,4,11,3,5,12,1,9,8,2,9,7,2,3,7,9,20,0
"177",5,10,3,6,5,7,7,3,3,8,9,9,8,10,7,3,5,7,3,4,1,4,4,9,3,10,6,4,5,7,1,7,1,6,8,1,10,5,10,9,7,5,8,5,7,5,5,4,4,3,7,17,17,16,14,3,4,7,11,1,15,7,15,16,2,4,2,3,4,17,1
"178",5,10,7,10,7,3,2,9,2,3,4,3,9,6,8,4,3,2,10,8,7,4,3,9,4,10,8,2,1,5,9,2,5,10,9,5,8,3,1,9,3,3,4,3,5,9,5,8,9,4,15,17,3,4,6,10,3,7,1,13,5,19,13,2,21,19,2,3,4,21,0
"179",8,4,2,10,8,3,4,9,4,10,5,4,4,9,7,3,6,10,4,10,7,4,10,6,7,7,3,6,2,3,8,5,3,8,4,5,1,9,9,10,1,7,2,7,1,4,2,6,7,8,6,16,16,3,12,3,12,1,5,5,19,9,15,2,4,2,3,4,6,19,0
"180",1,5,9,4,6,1,7,8,7,5,1,6,10,9,5,7,1,1,1,2,9,2,1,4,7,8,3,2,2,6,9,2,2,8,6,5,9,3,8,5,6,1,3,8,4,10,9,9,10,6,13,6,11,4,3,7,11,19,18,4,10,1,7,8,2,4,2,3,4,19,0
"181",1,7,2,3,2,9,4,7,2,5,4,2,3,6,2,8,3,10,6,4,1,4,5,2,6,2,5,6,3,7,3,2,9,4,6,4,2,5,7,9,3,7,5,8,3,10,8,2,4,6,5,11,9,21,6,20,14,9,4,7,1,5,9,3,2,4,2,3,4,21,0
"182",6,2,9,4,6,10,6,6,1,4,6,7,9,7,5,9,3,8,10,7,1,7,10,8,2,5,8,8,10,8,8,2,10,8,3,6,9,5,4,9,5,2,5,1,8,1,10,2,7,7,6,10,8,4,16,5,1,4,7,9,3,2,21,21,20,20,17,16,4,21,0
"183",9,7,8,9,4,8,2,9,8,7,6,1,8,4,3,6,2,2,1,7,1,5,9,2,6,1,6,1,10,9,9,3,2,10,1,6,7,6,5,1,9,5,7,9,4,8,7,2,3,7,5,6,4,4,16,6,7,11,1,3,6,11,25,18,2,4,2,3,4,25,0
"184",10,5,2,9,4,10,1,8,1,2,4,2,7,9,3,10,6,2,6,8,9,3,8,5,7,1,7,4,8,7,7,9,2,10,4,7,2,4,5,4,9,1,4,9,1,2,2,6,2,5,15,9,7,6,20,7,18,13,3,5,1,5,2,4,2,9,8,20,18,20,0
"185",6,2,7,4,1,9,3,8,2,8,4,3,6,10,10,1,1,9,1,1,7,1,7,2,1,3,7,10,6,1,6,3,3,7,4,9,3,6,6,2,3,5,9,10,9,6,2,9,4,5,6,10,5,8,20,22,3,6,9,1,4,7,9,2,9,7,2,3,4,22,0
"186",4,9,4,9,3,3,4,4,3,10,9,3,7,6,1,1,10,8,8,8,8,3,7,7,9,3,7,8,9,8,7,7,5,4,3,4,6,2,7,7,3,9,6,4,8,4,6,4,7,3,6,15,19,6,17,4,12,13,1,5,3,10,2,20,20,2,3,4,6,20,0
"187",10,6,9,6,2,6,10,4,7,9,3,5,6,8,6,1,6,7,2,10,8,4,3,8,5,6,8,5,3,8,5,7,4,9,2,1,10,4,2,7,1,3,8,2,9,4,1,2,9,2,6,11,18,3,11,7,1,4,5,3,18,14,2,16,14,2,3,4,6,18,1
"188",3,10,9,2,4,10,2,1,1,9,7,7,7,7,5,7,4,3,5,9,9,6,9,6,4,5,9,9,2,4,8,1,9,2,9,10,6,2,10,1,9,3,2,9,3,5,2,8,2,1,9,6,8,13,5,1,4,7,21,7,14,2,22,20,2,3,4,11,9,22,0
"189",1,9,10,7,4,1,8,1,10,4,1,7,3,2,8,10,1,4,10,9,8,4,6,7,9,4,4,10,10,5,1,6,7,8,10,4,7,8,7,7,1,6,10,8,9,7,10,4,10,10,5,13,4,15,10,18,4,10,3,5,1,10,13,9,2,4,2,3,4,18,1
"190",10,3,4,2,2,2,10,3,5,2,10,9,5,8,3,1,3,7,8,5,3,5,4,10,8,7,9,7,9,9,10,2,5,8,5,2,3,8,10,5,8,8,10,1,10,10,5,9,3,1,10,16,4,3,4,10,3,16,5,1,9,15,14,14,5,7,2,3,4,16,1
"191",8,10,8,2,8,1,6,4,10,6,6,2,4,8,2,6,6,2,9,9,8,2,9,6,7,8,10,7,1,4,7,2,10,10,8,10,6,7,6,10,1,7,5,10,1,9,10,1,6,1,7,7,13,4,15,3,5,1,5,5,20,3,18,2,4,2,3,11,9,20,0
"192",1,2,6,10,10,3,1,8,5,7,3,1,10,4,10,6,10,6,5,7,3,2,4,9,1,3,4,5,8,2,10,8,1,10,6,9,8,8,2,7,1,10,10,7,2,6,7,1,7,6,17,19,8,14,19,4,3,5,1,6,3,15,11,2,18,20,2,3,4,20,0
"193",3,10,4,2,6,7,2,4,7,9,10,5,1,6,3,5,2,6,8,5,10,6,7,4,5,6,4,8,7,7,3,1,9,2,4,6,9,1,10,2,9,1,6,7,8,2,5,2,6,8,17,13,6,18,4,10,1,5,3,14,3,5,2,20,20,2,3,4,6,20,0
"194",10,5,3,4,10,6,4,8,4,5,9,2,5,5,2,9,8,10,7,6,6,3,8,4,5,6,7,10,4,3,7,8,7,7,3,6,2,1,7,10,1,3,8,5,5,3,9,10,1,10,15,6,3,19,4,10,3,14,1,5,23,13,17,2,22,20,2,3,4,23,0
"195",2,4,5,9,7,5,9,4,6,8,10,10,10,7,6,9,5,6,8,7,1,9,9,9,7,9,4,8,1,5,1,9,8,9,7,10,5,8,7,7,5,9,3,6,1,4,2,8,9,7,17,20,14,12,18,3,5,1,5,16,3,2,12,10,2,10,11,4,6,20,0
"196",3,8,10,7,8,4,5,4,10,1,5,5,4,2,6,7,6,8,8,6,9,10,2,8,9,1,2,7,3,6,6,2,7,1,10,2,6,4,7,7,9,3,7,8,10,3,6,9,10,1,4,6,13,12,10,5,6,1,3,10,7,11,20,3,2,4,2,3,4,20,0
"197",2,7,3,10,1,1,8,1,4,7,1,10,4,5,6,9,3,6,5,6,6,5,3,1,6,7,4,9,9,10,1,3,9,1,9,3,8,5,5,4,6,10,7,3,2,7,8,9,6,4,5,14,4,16,12,17,4,5,5,1,3,10,3,2,4,2,11,10,4,17,1
"198",8,2,2,9,3,8,3,2,1,5,3,1,1,3,1,8,3,1,2,3,3,1,7,7,5,5,1,2,2,1,2,5,4,4,2,3,7,1,9,7,3,2,6,6,2,3,3,9,2,7,11,3,15,21,9,6,7,19,1,5,7,9,18,2,4,2,3,4,6,21,0
"199",9,2,4,8,10,9,3,1,3,1,2,2,2,2,8,5,1,7,9,4,5,9,3,2,10,6,9,5,7,4,6,6,7,7,9,2,3,4,3,5,5,9,6,3,5,10,5,1,1,5,10,4,5,14,3,7,12,8,3,5,5,1,8,2,4,2,3,16,18,18,1
"200",4,8,9,2,6,7,2,5,3,5,1,4,1,5,1,9,5,1,1,6,4,2,6,10,6,7,9,10,1,5,7,5,9,2,9,8,1,9,10,7,6,7,8,3,9,2,6,10,3,6,9,12,3,15,6,22,13,7,13,14,5,1,5,9,2,4,2,3,4,22,0
"201",9,4,7,6,2,6,10,10,4,4,10,2,8,5,10,4,5,1,4,1,6,10,10,4,2,5,1,5,1,3,2,4,7,9,7,2,7,5,3,10,2,6,1,6,9,10,5,3,8,1,15,18,7,17,11,10,5,1,4,7,5,12,3,2,4,2,3,10,8,18,1
"202",4,5,7,5,9,4,6,4,4,7,8,4,7,3,9,4,6,2,5,9,7,7,3,1,5,9,5,9,5,4,8,9,4,9,4,6,8,9,10,7,7,6,5,9,8,7,7,6,6,2,16,4,13,3,15,4,3,17,1,16,15,11,10,5,2,4,2,3,4,17,1
"203",5,2,1,10,8,3,1,7,9,9,9,7,6,6,9,5,10,3,9,6,4,4,1,1,2,1,1,5,9,3,3,5,5,7,6,4,4,2,8,6,5,8,5,3,4,5,8,7,4,1,8,4,7,3,4,7,13,1,15,7,18,16,2,4,2,19,18,18,18,19,0
"204",3,6,1,7,8,10,5,1,9,10,4,3,9,4,10,6,2,3,1,9,1,4,1,10,6,8,10,3,2,7,1,4,1,7,3,3,5,9,9,9,3,8,10,7,3,4,5,6,9,2,4,15,9,4,17,17,18,9,15,1,12,5,3,12,2,4,2,3,4,18,1
"205",3,8,9,10,10,10,8,9,1,8,7,7,7,5,10,7,10,8,6,3,6,2,1,9,7,4,9,10,7,10,4,9,2,10,3,8,6,7,2,5,8,3,8,6,2,5,6,7,6,5,5,15,6,11,3,4,16,9,1,4,14,11,15,2,9,11,2,3,4,16,1
"206",5,1,5,1,6,5,4,5,8,8,7,1,9,9,3,6,9,4,6,4,4,5,9,7,8,4,1,2,4,8,4,2,1,10,4,5,8,4,2,3,2,10,10,8,5,4,3,5,3,8,14,9,16,4,3,1,3,9,5,5,16,10,2,14,16,2,3,4,6,16,1
"207",4,1,8,4,5,7,3,1,10,10,6,1,1,6,6,7,4,6,1,5,7,7,5,4,8,9,5,5,3,10,7,9,2,9,1,10,6,1,7,1,7,10,8,10,10,8,2,9,6,6,16,9,18,19,4,3,6,5,1,19,3,10,9,2,20,22,2,3,4,22,0
"208",3,8,8,7,5,1,9,2,2,4,2,7,5,9,1,5,9,4,4,10,9,1,8,6,2,5,2,3,2,6,8,9,5,10,1,2,5,2,6,9,6,8,1,1,10,6,2,8,5,8,20,10,6,3,6,20,8,3,14,1,14,17,19,17,2,4,2,3,4,20,0
"209",2,7,2,7,2,8,1,4,5,4,2,9,3,7,5,8,8,2,1,8,7,6,8,8,10,10,3,8,7,3,6,4,9,7,5,6,10,7,4,3,7,1,3,8,1,1,7,1,5,4,4,8,20,3,4,12,14,15,1,5,15,5,2,4,19,19,21,22,4,22,0
"210",7,5,1,7,9,9,2,7,10,4,9,8,8,10,4,7,10,9,3,5,4,3,4,10,3,7,6,8,7,3,6,1,1,4,7,10,8,5,5,10,2,1,10,5,9,7,6,8,4,7,6,5,4,13,3,19,16,6,1,9,25,3,11,19,2,4,2,3,4,25,0
"211",8,9,9,1,1,10,9,1,4,8,3,1,3,9,6,6,9,3,1,3,7,5,3,8,1,7,9,5,1,9,4,2,7,7,9,3,3,10,3,2,8,3,3,10,1,4,1,8,10,8,18,19,13,20,3,6,14,1,4,9,12,3,15,2,4,9,9,3,4,20,0
"212",9,10,4,6,2,3,9,10,4,4,7,10,5,1,7,1,10,6,3,1,2,10,4,6,2,9,4,4,8,3,7,10,1,10,2,3,9,8,8,3,1,4,6,3,8,8,2,8,4,2,6,11,3,17,20,17,3,5,6,1,9,8,2,12,14,5,5,3,4,20,0
"213",7,1,4,7,1,1,4,2,4,7,5,3,7,6,6,3,10,1,3,4,8,7,2,2,7,8,9,3,5,4,5,1,7,5,2,7,3,9,6,10,2,3,2,1,10,5,7,3,4,2,10,17,4,11,3,18,3,4,5,1,13,7,2,4,5,5,3,13,11,18,1
"214",10,9,5,5,1,5,1,1,3,3,9,7,9,8,4,3,4,4,10,9,4,5,8,4,2,9,5,5,5,6,10,4,2,2,2,5,3,7,2,8,7,4,2,9,3,1,10,1,9,3,16,5,14,3,4,7,21,6,1,5,9,20,7,5,2,4,2,3,4,21,0
"215",5,7,5,8,5,2,8,10,8,2,1,2,7,8,3,8,3,3,1,9,8,7,9,6,6,10,4,1,5,7,1,2,3,8,6,8,1,9,1,6,2,4,2,3,4,8,6,10,6,2,4,4,6,6,11,3,1,8,5,3,19,18,2,12,14,5,5,3,4,19,0
"216",1,4,4,1,7,5,9,9,5,4,3,7,8,2,2,3,8,10,10,8,9,3,1,7,3,10,7,6,7,2,3,6,5,8,3,3,9,6,1,6,10,3,1,7,8,2,6,6,10,3,5,6,21,7,4,10,10,15,1,12,18,3,3,13,2,4,2,3,4,21,0
"217",3,10,5,6,6,3,7,8,1,8,9,2,5,4,3,7,1,8,1,5,1,7,6,1,3,1,2,8,2,6,10,5,9,1,5,6,8,3,3,10,9,5,10,3,6,7,6,1,6,2,6,4,15,6,4,17,14,5,1,14,11,9,15,2,4,2,3,17,19,19,0
"218",4,4,2,3,8,2,9,2,10,3,1,3,3,1,9,8,1,8,2,8,6,1,7,1,8,2,2,10,8,2,7,8,2,5,9,8,4,7,3,7,4,9,7,9,5,10,3,10,8,10,5,18,18,9,16,6,14,3,5,1,3,6,19,19,2,4,2,3,4,19,0
"219",1,5,5,10,8,9,9,3,1,4,7,8,1,4,2,8,10,6,5,9,10,3,7,10,5,7,8,9,8,8,7,1,3,3,1,10,10,10,2,1,6,7,8,8,2,10,7,1,3,7,5,9,13,3,21,4,7,1,5,20,16,3,5,2,11,13,2,3,4,21,0
"220",1,9,4,10,9,3,10,8,9,10,4,1,2,3,5,5,5,3,5,7,6,5,3,9,9,7,8,4,8,3,5,10,7,7,7,3,8,5,3,8,10,5,8,3,2,6,4,8,9,5,5,19,19,16,21,10,6,3,8,1,5,9,3,2,4,2,11,10,4,21,0
"221",8,4,10,10,3,9,1,5,6,9,4,9,5,8,4,1,10,7,7,3,7,1,10,10,7,10,10,9,8,2,7,1,8,9,5,8,6,10,8,7,4,6,9,5,1,4,7,7,10,7,6,10,5,3,20,7,14,3,4,7,1,5,19,21,2,4,2,3,4,21,0
"222",6,6,1,9,1,8,10,7,9,4,2,5,5,6,3,10,3,1,1,2,1,8,2,9,10,6,6,1,3,7,6,9,5,7,8,9,9,1,7,9,3,10,4,4,6,3,9,6,3,8,10,14,17,8,13,12,4,17,22,1,3,20,9,2,12,14,2,3,4,22,0
"223",6,2,8,4,8,8,9,6,10,2,7,3,8,10,8,3,2,3,6,3,8,7,2,4,10,8,3,8,3,2,5,5,10,3,4,8,6,4,10,10,8,4,7,8,5,9,10,9,3,7,6,7,4,19,12,17,5,13,1,12,7,20,3,18,2,4,2,3,4,20,0
"224",7,3,8,5,4,10,2,7,1,2,8,9,7,3,8,8,3,7,3,10,4,10,5,3,5,1,6,2,9,3,8,9,6,1,1,7,6,3,4,9,5,4,3,7,3,6,8,4,7,4,6,10,7,21,7,9,16,1,4,22,23,17,3,22,2,4,2,3,4,23,0
"225",10,9,5,3,10,8,6,6,5,2,3,7,3,2,7,8,8,10,9,3,4,6,2,6,10,3,1,8,9,9,6,7,8,7,7,6,3,6,1,9,2,4,4,3,3,9,7,2,9,9,4,17,14,12,5,6,1,10,15,9,3,8,8,11,13,5,5,3,4,17,1
"226",1,7,6,7,9,5,3,6,5,10,9,2,9,2,10,2,2,7,8,2,3,1,3,10,7,7,4,3,2,7,1,2,6,8,5,1,1,10,8,1,2,7,6,4,8,9,5,5,9,3,10,4,17,14,12,3,14,15,5,1,13,3,16,19,19,4,2,3,4,19,0
"227",2,5,5,3,9,5,9,8,4,6,5,10,3,7,10,6,2,2,3,8,2,8,9,10,3,7,9,3,3,1,8,10,5,4,7,2,8,3,10,9,7,1,4,5,8,10,3,6,1,9,7,6,20,3,7,8,21,20,14,1,8,11,8,2,4,2,3,4,6,21,0
"228",10,5,1,2,1,8,3,2,1,6,1,8,6,8,6,2,3,6,4,2,1,7,10,2,4,2,9,4,8,3,6,7,2,10,3,5,1,2,10,2,1,1,5,6,6,9,8,3,10,5,4,14,17,15,6,12,14,3,4,7,1,5,8,2,5,7,2,3,4,17,1
"229",1,10,4,2,6,4,10,4,5,5,5,10,2,2,1,5,10,10,3,9,7,3,4,1,9,3,4,3,3,3,1,3,7,5,9,3,1,7,2,4,7,7,4,5,4,10,4,9,4,4,20,16,13,7,6,11,3,16,1,20,19,19,19,6,6,4,2,3,4,20,0
"230",3,6,6,10,10,7,6,1,6,7,8,8,3,4,2,2,4,6,4,10,6,6,7,2,5,10,9,1,10,7,3,8,2,1,8,3,5,5,10,7,10,9,8,2,1,9,1,7,2,8,7,6,7,10,11,17,1,8,5,3,18,17,2,4,2,9,10,4,6,18,1
"231",2,4,3,2,2,3,4,5,10,3,7,9,4,6,6,5,8,10,6,3,10,6,8,3,7,1,5,3,7,3,9,10,2,2,6,1,3,3,9,3,6,2,6,1,2,5,1,10,10,2,5,4,9,16,7,9,1,3,6,9,3,12,12,4,2,20,21,14,16,21,0
"232",10,4,6,10,2,10,4,2,8,10,10,5,9,9,8,7,3,4,7,3,10,5,8,2,8,7,5,10,8,5,2,3,6,7,4,1,2,10,8,1,10,8,1,4,4,2,5,4,5,2,7,4,9,5,19,3,4,1,5,3,10,7,16,16,4,2,17,16,4,19,0
"233",10,1,1,6,10,5,4,9,1,6,1,2,4,7,7,1,3,2,5,5,6,9,2,10,7,10,10,9,2,7,3,8,1,6,2,2,2,3,1,1,3,8,4,9,7,4,3,9,2,5,13,4,3,7,17,3,5,1,5,15,5,15,15,18,18,2,3,4,6,18,1
"234",7,7,10,5,5,8,5,1,5,1,1,7,2,10,4,10,8,1,3,6,1,10,10,1,2,2,10,9,8,7,6,3,9,3,4,4,1,5,8,10,1,9,9,7,1,7,3,1,3,1,6,17,13,12,8,9,5,1,6,3,8,2,5,7,2,3,19,12,15,19,0
"235",9,5,5,5,8,2,2,9,7,10,4,2,1,2,10,8,2,1,3,9,5,4,1,4,4,10,9,7,8,7,4,5,1,8,10,1,8,9,8,1,8,10,7,8,6,4,10,7,10,3,9,5,6,11,4,16,16,17,5,14,1,11,3,10,2,4,2,3,4,17,1
"236",10,9,6,2,8,2,6,1,2,1,10,7,6,9,10,9,2,6,8,5,1,7,4,1,7,3,6,5,1,4,3,5,7,3,6,3,7,9,6,8,6,7,4,9,7,1,3,10,3,10,16,4,6,19,7,8,5,20,1,19,5,13,3,2,4,2,3,9,11,20,0
"237",10,4,7,1,1,2,3,10,4,2,7,9,7,6,10,8,1,2,1,5,7,7,7,7,9,5,3,1,8,8,8,5,4,1,6,10,2,4,6,4,9,8,8,9,9,6,9,3,4,6,15,6,4,7,14,4,8,17,21,1,13,9,5,9,2,4,2,3,4,21,0
"238",3,4,3,5,9,4,7,4,5,7,7,7,7,9,4,1,3,6,1,10,4,10,5,1,6,2,9,5,8,8,10,9,1,6,8,10,9,5,1,7,2,10,7,7,8,2,9,3,7,10,5,9,4,15,4,21,18,3,9,1,3,6,9,2,11,9,2,3,4,21,0
"239",4,5,5,7,2,9,8,8,7,8,7,10,2,9,1,1,2,6,9,4,7,6,8,8,6,4,5,9,5,6,2,9,9,9,7,4,5,8,3,10,8,7,8,3,1,1,7,4,5,1,7,6,7,4,15,18,3,4,7,1,5,10,6,2,4,2,17,16,4,18,1
"240",5,3,2,1,4,8,6,8,1,10,8,4,1,2,8,8,1,1,5,2,2,5,3,9,2,3,4,4,8,9,9,6,10,10,6,3,6,9,6,3,4,2,3,1,10,3,3,5,4,7,6,7,12,7,20,17,3,18,17,1,8,11,2,4,5,5,9,8,4,20,0
"241",8,8,9,4,7,9,1,5,5,9,3,8,4,3,4,3,3,5,6,10,1,6,5,3,5,3,10,3,9,7,6,6,3,1,2,9,4,9,1,8,5,6,9,10,8,7,9,9,7,9,5,6,6,11,4,4,20,11,1,3,6,20,3,18,2,4,2,3,4,20,0
"242",8,8,10,10,8,2,5,9,3,9,5,10,3,4,9,9,10,6,3,4,1,8,2,8,2,7,4,3,2,2,6,6,4,6,3,3,2,1,2,4,2,2,4,6,5,10,2,1,5,2,11,3,14,3,5,6,1,9,18,18,6,6,17,17,2,3,4,11,9,18,1
"243",8,7,4,8,9,6,1,6,10,5,10,6,8,3,9,1,5,8,10,10,1,6,10,3,3,2,9,3,6,1,10,1,10,9,6,5,5,5,10,3,10,1,4,2,5,6,10,5,9,8,7,11,12,4,19,3,18,1,13,3,15,13,7,2,4,13,13,3,4,19,0
"244",8,3,1,8,6,1,6,2,2,9,3,5,9,6,7,9,7,9,5,3,6,5,4,8,9,9,5,4,10,2,2,4,4,7,1,7,6,4,4,5,3,8,10,7,6,6,5,7,1,9,15,11,9,18,17,12,3,4,5,1,16,9,7,2,5,7,2,3,4,18,1
"245",2,4,10,4,3,2,2,3,10,7,2,3,9,3,5,9,7,10,2,8,10,3,3,6,1,9,2,1,1,9,4,9,3,7,2,2,3,1,1,1,6,7,9,9,6,7,3,8,7,8,17,6,6,6,3,1,17,13,5,16,3,11,2,17,18,11,2,3,4,18,1
"246",1,8,4,5,1,6,7,3,10,7,4,3,2,3,1,8,1,2,2,5,5,4,1,6,4,8,7,10,6,5,3,7,3,5,9,3,6,5,6,4,7,3,2,3,9,4,3,5,1,2,5,10,14,19,4,17,12,13,5,5,1,3,9,2,4,2,3,4,6,19,0
"247",4,5,8,9,8,7,5,3,8,1,4,7,3,4,5,1,2,10,7,7,7,2,5,2,5,1,8,5,9,9,3,4,5,8,2,1,4,8,3,7,9,3,5,4,2,5,8,5,7,3,5,6,4,9,16,11,16,3,15,1,4,7,8,14,2,4,2,3,4,16,1
"248",1,4,5,5,4,2,9,7,8,5,1,6,6,7,9,5,9,9,9,4,7,10,1,5,4,7,2,6,9,4,5,5,5,3,8,6,4,8,9,10,8,3,5,9,9,8,10,5,1,3,7,6,20,7,12,16,5,21,1,20,11,3,3,2,4,2,3,10,12,21,0
"249",1,7,3,9,9,4,7,2,7,3,2,5,4,4,9,3,3,7,10,2,10,6,4,1,1,6,2,6,6,9,5,7,9,5,2,4,3,7,9,6,8,5,5,8,1,8,5,8,1,3,5,20,20,15,9,9,13,1,18,21,3,3,10,2,4,2,3,14,14,21,0
"250",4,1,8,4,7,7,8,8,8,7,8,6,10,5,1,5,1,1,8,7,1,6,2,1,3,5,6,8,5,10,7,8,2,7,5,8,5,3,4,10,4,3,10,8,2,8,9,2,2,1,12,6,4,19,10,3,5,17,1,19,3,8,2,9,7,2,3,12,14,19,0
"251",1,4,5,7,2,6,1,8,10,6,10,10,6,10,5,5,1,5,1,4,3,9,10,6,3,2,7,3,8,6,9,5,6,8,7,2,8,8,5,4,1,3,10,2,1,10,3,8,1,1,6,6,9,19,3,11,1,4,3,8,8,2,15,13,2,18,19,4,6,19,0
"252",9,7,8,8,10,5,6,2,3,10,1,3,7,6,10,10,1,3,5,8,2,1,6,6,4,8,6,10,8,9,3,7,2,9,9,9,1,10,6,5,10,4,7,1,8,1,2,2,10,7,7,5,14,3,7,12,19,3,5,1,5,23,2,4,2,18,19,4,6,23,0
"253",4,7,9,4,8,10,3,7,1,7,1,4,3,10,6,3,4,1,9,5,4,7,10,3,7,4,3,4,10,1,5,6,4,5,10,9,8,2,9,1,1,9,3,10,9,4,6,2,1,10,3,7,6,4,10,3,4,1,10,7,9,2,5,21,18,2,3,16,16,21,0
"254",4,1,5,2,5,4,10,4,1,7,10,6,5,8,8,9,6,4,9,6,6,7,7,8,9,6,7,8,9,3,2,8,7,9,2,7,3,10,4,10,1,1,1,4,5,8,2,4,9,7,11,6,20,4,10,3,1,5,19,14,5,2,9,7,8,8,3,4,6,20,0
"255",2,8,4,4,8,6,2,9,6,9,1,10,6,8,3,9,10,2,2,6,10,3,6,8,9,4,6,8,3,5,2,6,10,7,3,4,1,4,4,8,4,5,5,1,9,4,6,5,8,4,12,5,7,10,11,12,19,1,5,6,20,16,16,4,2,11,12,4,6,20,0
"256",7,5,2,10,5,8,7,7,9,1,3,1,1,7,3,7,7,1,8,5,6,9,4,8,5,3,5,2,6,9,10,7,7,3,9,8,5,10,7,9,8,1,7,7,6,2,5,10,8,4,12,11,4,18,19,10,10,13,9,1,3,5,5,12,2,4,2,3,4,19,0
"257",2,6,6,10,9,6,8,5,2,5,4,9,9,4,2,8,6,1,6,4,6,6,5,8,10,8,1,6,6,5,6,4,3,8,9,4,1,7,9,2,8,8,9,6,6,2,6,6,3,6,5,3,10,7,4,3,5,1,5,20,16,15,6,6,4,2,3,17,15,20,0
"258",6,7,5,7,2,2,1,4,2,4,2,2,5,2,7,6,8,7,9,7,4,6,4,9,4,3,9,4,8,9,5,8,9,1,10,7,2,6,8,3,9,6,9,7,3,6,6,5,10,5,11,4,5,13,11,19,13,11,19,1,17,5,9,3,2,4,2,3,4,19,0
"259",7,4,2,6,10,2,4,8,7,3,5,6,6,8,10,9,10,10,4,9,5,7,7,1,1,3,4,5,2,2,10,10,6,4,3,3,6,3,9,3,5,3,1,4,9,1,4,5,5,5,6,10,19,6,3,1,15,3,11,18,20,5,2,13,11,8,8,3,4,20,0
"260",7,9,1,9,4,5,6,3,8,10,2,9,9,9,4,4,3,5,5,5,10,9,5,6,10,7,7,8,3,3,5,8,10,2,4,1,4,2,4,7,8,8,7,6,8,5,3,5,7,5,4,18,16,7,10,12,5,1,7,19,3,13,5,2,4,2,3,4,6,19,0
"261",2,3,7,7,4,10,7,2,6,3,4,1,8,2,8,5,8,3,8,9,3,8,9,3,1,1,10,7,1,7,7,3,5,10,10,8,9,5,1,9,7,10,3,6,7,6,4,2,10,9,12,15,16,16,8,10,15,8,3,5,1,4,7,9,2,4,2,3,4,16,1
"262",9,5,3,4,1,9,4,5,5,7,6,5,9,5,4,7,2,9,10,7,3,10,9,1,5,7,8,10,3,3,7,1,4,7,8,1,2,4,1,10,6,10,3,1,8,2,1,4,1,4,7,6,20,3,8,5,1,5,5,7,3,17,17,4,2,18,17,4,6,20,0
"263",1,10,1,8,8,7,8,4,10,1,3,2,8,8,7,10,10,5,2,10,6,7,10,2,4,1,10,2,10,4,7,3,5,1,10,9,3,4,7,5,8,4,10,6,5,4,1,4,6,4,7,11,10,11,15,10,1,9,3,5,9,23,11,2,4,2,3,10,8,23,0
"264",1,9,7,6,8,1,6,7,10,5,5,3,3,9,5,3,2,9,7,1,7,4,3,3,7,1,3,5,3,7,3,8,4,8,5,6,2,2,8,3,10,6,7,3,3,1,7,4,3,8,6,4,6,11,21,3,4,7,1,14,11,15,2,9,11,2,20,19,4,21,0
"265",4,2,8,7,3,6,4,9,7,3,10,1,2,6,1,1,5,10,1,9,3,4,2,3,3,5,8,8,10,5,2,2,8,5,6,3,10,3,2,2,1,9,1,3,8,9,7,3,8,8,9,4,13,4,10,3,5,5,1,3,9,2,5,17,11,21,2,3,4,21,0
"266",7,5,9,10,2,5,7,9,6,3,7,6,7,3,10,10,5,1,7,7,1,5,8,5,9,2,6,5,8,5,2,9,1,3,8,1,5,8,6,2,4,2,1,8,4,9,10,7,1,5,14,4,21,19,6,5,1,5,6,15,7,16,16,20,20,5,5,3,4,21,0
"267",4,3,10,5,2,8,9,6,5,3,6,6,4,2,10,10,3,5,9,2,6,1,5,7,8,7,5,2,3,9,3,9,10,2,1,4,3,2,6,7,6,10,5,7,9,7,10,5,4,8,16,14,12,4,7,8,15,12,1,5,19,3,3,21,2,4,2,3,4,21,0
"268",5,3,3,5,4,4,5,3,2,2,8,7,5,10,2,1,6,8,7,2,4,8,3,5,5,7,7,2,5,2,7,1,9,9,8,9,4,8,1,2,4,4,9,1,9,5,7,2,9,1,5,9,13,3,10,4,12,3,8,1,5,17,13,2,17,17,2,3,4,17,1
"269",10,9,7,6,6,9,7,9,4,10,2,5,7,4,5,7,3,4,1,8,2,2,9,8,8,1,10,1,1,4,2,8,3,9,6,10,9,6,10,2,3,1,5,3,8,5,5,3,7,7,6,6,4,4,3,12,16,1,20,21,5,19,12,2,15,13,2,3,4,21,0
"270",6,8,2,3,8,3,10,3,1,2,3,1,10,10,9,3,7,1,5,7,6,9,1,7,3,5,5,2,7,6,8,6,1,6,8,8,8,4,6,7,9,10,2,9,9,1,2,9,5,1,15,11,3,17,18,14,3,7,1,13,5,9,2,5,7,2,3,17,17,18,1
"271",5,5,9,6,8,5,4,10,5,6,3,4,2,1,9,9,3,10,10,6,10,6,1,2,10,6,9,4,3,1,7,1,8,3,8,9,7,10,8,7,7,3,3,2,1,4,3,1,9,8,4,3,12,6,11,4,8,1,5,5,14,18,3,2,4,2,11,10,4,18,1
"272",1,10,3,9,6,4,8,9,10,2,8,3,10,3,3,7,2,1,7,6,3,4,8,3,5,2,1,5,2,2,8,4,2,5,1,1,2,5,10,6,2,6,8,5,1,4,2,1,3,6,7,13,4,12,3,1,3,6,10,22,19,5,6,6,4,2,3,15,17,22,0
"273",3,5,6,5,8,9,5,4,6,2,7,5,10,8,7,3,8,9,6,4,4,7,3,5,5,10,8,2,8,2,1,5,7,6,9,9,2,10,8,4,8,2,1,4,7,3,1,1,1,6,14,6,7,21,3,10,1,4,5,10,3,2,4,17,17,3,9,18,15,21,0
"274",7,1,8,8,10,7,9,6,8,4,3,9,10,4,4,2,4,8,6,5,9,1,10,5,10,6,7,6,4,4,7,4,6,1,1,6,6,3,5,7,10,6,10,10,1,4,1,10,2,3,6,13,10,4,9,19,1,3,6,7,3,14,2,4,2,3,15,19,14,19,0
"275",7,4,4,9,3,9,3,6,4,2,7,9,9,10,4,10,1,3,8,5,3,10,9,2,7,10,6,4,6,5,3,6,8,2,3,9,4,4,10,2,2,9,1,10,10,4,8,7,7,8,20,18,5,4,18,18,6,17,1,5,3,7,15,2,11,9,2,3,4,20,0
"276",5,10,5,1,4,2,4,7,4,10,4,6,9,10,8,3,10,3,1,7,5,6,4,7,3,10,1,4,4,10,5,9,4,8,3,6,10,6,3,6,4,5,9,6,4,6,5,3,3,5,20,6,12,3,17,16,15,1,10,7,5,14,5,2,4,2,3,4,6,20,0
"277",5,5,9,2,1,6,2,4,3,1,4,1,7,10,9,5,8,5,10,8,10,1,5,9,8,8,1,2,4,9,5,4,2,8,6,4,7,5,9,2,5,9,1,10,6,7,1,7,4,5,7,16,4,14,3,6,16,3,19,1,21,20,13,9,2,4,2,3,4,21,0
"278",4,9,3,8,7,10,7,10,2,10,9,1,4,3,3,5,4,5,5,1,2,3,9,6,3,7,6,9,4,7,9,4,1,3,3,4,10,6,7,8,5,1,3,10,1,4,9,4,5,1,6,13,3,9,23,16,21,9,11,1,5,9,3,2,4,9,9,3,4,23,0
"279",10,5,10,1,1,4,10,6,3,2,10,7,3,8,5,2,4,2,10,7,9,8,10,8,3,4,1,5,6,9,8,2,5,4,9,10,4,1,4,10,4,3,3,4,6,9,8,4,4,6,7,6,22,3,4,11,13,3,1,20,22,5,8,2,4,7,7,3,4,22,0
"280",7,1,8,5,1,2,6,3,1,5,7,10,10,9,1,7,2,3,5,8,1,4,4,5,7,6,3,4,1,7,6,6,4,7,3,7,9,1,5,5,9,9,1,7,2,3,7,4,6,4,7,11,21,3,4,19,11,3,13,1,9,12,7,2,4,2,14,13,4,21,0
"281",7,9,4,4,3,5,5,8,10,4,8,3,7,10,3,4,8,5,5,10,6,6,6,2,10,2,6,1,3,2,2,6,9,5,3,4,10,5,5,2,6,3,7,10,4,3,9,7,10,1,6,13,4,9,4,12,3,1,8,5,5,17,9,2,13,11,2,3,4,17,1
"282",2,9,10,2,9,4,2,2,8,3,3,9,6,1,7,3,3,4,1,3,8,4,6,3,1,10,2,2,7,7,2,8,1,7,10,4,8,2,5,2,10,4,2,7,7,5,6,4,5,5,16,11,6,16,19,14,3,1,4,10,5,3,10,2,15,13,2,3,4,19,0
"283",10,7,1,9,5,3,2,8,5,3,5,7,4,3,3,7,6,8,3,4,4,2,3,9,2,9,9,6,2,5,3,2,9,8,8,7,2,10,9,4,9,4,8,3,10,5,4,10,9,2,6,10,16,19,19,17,3,5,6,1,9,17,3,18,2,4,2,3,4,19,0
"284",6,4,10,2,3,9,3,6,10,2,3,1,4,8,2,6,2,4,8,3,4,3,2,4,1,4,2,4,4,1,4,5,7,4,4,3,8,1,10,4,4,10,6,8,10,5,5,1,10,6,17,7,7,6,17,13,5,19,1,19,3,16,10,3,2,4,2,3,4,19,0
"285",5,10,5,3,9,4,5,2,3,7,8,7,7,5,3,6,3,4,8,2,9,10,5,3,8,3,8,5,5,3,5,4,2,8,8,1,5,1,4,10,3,2,10,10,4,9,1,5,1,10,7,6,6,4,19,3,5,1,5,14,12,20,2,5,7,2,3,7,9,20,0
"286",10,8,6,3,10,5,1,8,4,8,4,7,4,9,9,6,6,9,9,6,5,3,4,8,6,4,5,5,9,9,8,6,7,8,5,1,10,10,4,1,5,8,9,1,1,1,5,5,6,1,6,19,8,5,19,7,5,19,1,20,3,2,4,2,16,10,9,4,6,20,0
"287",6,10,8,8,6,10,4,6,2,8,7,9,1,8,2,4,10,9,8,5,7,8,4,5,9,7,10,7,2,7,1,8,6,9,10,2,8,6,3,5,8,2,8,2,7,1,7,3,1,6,14,6,18,7,4,10,3,4,10,1,7,17,19,2,4,2,17,16,4,19,0
"288",9,2,10,8,9,4,7,6,7,7,3,7,4,2,8,10,2,5,10,9,5,5,10,7,6,7,7,2,1,10,1,2,8,6,4,6,9,6,3,2,3,5,4,2,10,7,4,10,1,9,6,4,11,4,10,3,1,5,5,3,16,8,2,12,16,20,2,3,4,20,0
"289",4,3,5,4,7,6,7,9,6,7,6,2,3,2,1,3,5,8,2,8,1,1,9,8,7,4,3,8,4,7,2,2,7,5,10,1,1,4,6,1,9,5,8,1,8,8,8,5,1,7,5,9,15,4,4,12,3,16,17,1,5,3,9,20,20,4,2,3,4,20,0
"290",7,9,4,4,9,3,4,1,8,10,6,10,6,10,3,3,8,1,3,6,2,2,3,8,3,8,3,5,6,5,5,7,2,5,7,9,3,1,3,9,1,4,4,7,3,3,4,8,10,6,6,16,3,15,12,7,1,4,12,3,10,2,5,18,15,2,3,4,6,18,1
"291",4,7,7,7,9,3,6,8,7,5,6,4,10,1,4,10,2,7,3,2,2,1,10,4,8,7,10,7,6,3,4,9,5,3,7,2,9,7,2,2,3,7,1,9,9,3,2,7,3,10,6,4,9,6,6,10,23,21,1,5,11,3,3,2,13,11,2,3,4,23,0
"292",3,4,8,10,7,10,4,10,6,6,6,8,6,2,9,4,4,2,2,4,6,7,10,8,2,7,6,2,8,8,5,4,1,3,7,3,1,8,3,3,6,4,8,2,10,1,1,1,7,7,5,9,12,10,1,4,7,3,7,8,16,6,6,4,2,19,20,12,14,20,0
"293",3,8,5,5,2,10,6,10,10,8,9,2,2,3,6,8,7,1,2,3,6,2,1,3,3,2,5,1,1,9,9,4,7,1,2,8,2,10,7,3,2,6,8,9,2,5,9,1,8,7,11,15,20,9,22,20,11,18,1,4,3,14,5,11,2,4,2,3,4,22,0
"294",3,2,2,8,4,9,10,2,6,9,8,10,8,8,7,10,2,1,2,3,3,10,2,5,8,10,3,4,10,9,4,2,3,5,9,4,7,1,7,2,7,6,9,1,3,9,5,1,9,5,16,4,18,15,3,4,7,15,1,14,3,9,2,5,7,2,14,15,4,18,1
"295",2,2,1,5,8,4,10,7,10,4,4,9,9,7,5,3,1,2,9,8,5,6,6,7,3,1,3,8,2,1,4,7,10,9,2,6,3,6,6,3,9,2,6,4,1,4,10,10,1,10,18,17,15,4,19,14,3,1,13,3,9,21,20,5,2,4,2,3,4,21,0
"296",9,6,7,9,2,8,1,7,10,9,7,7,5,5,7,7,8,2,2,4,8,9,7,9,5,8,3,1,5,8,10,3,8,2,8,5,9,2,5,3,4,7,4,8,9,6,10,8,7,9,6,18,8,6,20,10,1,4,3,17,13,20,19,2,15,13,2,3,4,20,0
"297",4,8,1,3,4,8,8,6,8,3,5,1,10,10,4,1,9,6,10,10,3,9,8,5,8,10,8,5,3,10,8,9,4,7,1,4,1,2,5,2,6,1,5,8,7,7,10,8,3,5,13,7,3,4,9,15,20,3,22,1,5,16,20,2,15,13,2,3,4,22,0
"298",2,5,8,7,5,4,2,5,3,6,4,7,1,10,8,1,6,4,4,4,6,5,2,5,4,10,2,6,7,6,8,4,5,8,2,2,5,7,1,2,9,8,3,1,1,10,1,8,8,1,5,6,3,21,3,14,1,4,17,11,5,2,14,16,2,11,10,4,6,21,0
"299",4,1,9,8,3,4,3,4,4,1,5,10,8,4,7,4,4,5,8,5,8,3,7,4,6,5,8,7,9,9,9,5,4,8,8,10,5,9,3,5,5,8,3,7,8,1,9,9,2,7,20,21,21,4,17,6,7,9,18,3,5,1,5,9,2,4,2,3,4,21,0
"300",10,9,6,6,10,2,8,2,10,4,5,9,10,7,6,8,7,1,1,2,5,3,1,9,3,8,1,9,2,5,7,2,1,3,4,2,4,4,10,7,8,4,8,9,3,3,5,1,2,4,4,6,21,20,4,7,21,1,20,7,3,17,9,2,4,2,3,11,13,21,0
"301",7,2,10,10,2,1,10,5,8,2,4,7,3,8,3,1,7,4,10,7,6,2,10,10,3,8,7,5,7,2,7,3,4,8,4,6,5,1,6,4,4,1,5,7,4,3,8,10,10,9,7,11,7,6,16,8,3,5,1,5,21,3,19,2,5,7,2,3,4,21,0
"302",8,9,2,1,2,2,1,10,8,6,6,3,6,7,4,8,10,5,10,2,6,3,5,10,2,7,9,10,9,4,6,1,2,2,2,1,5,4,8,2,9,5,6,10,8,9,2,6,7,2,6,16,7,5,16,13,1,5,3,17,11,3,16,2,4,2,3,4,6,17,1
"303",1,7,7,7,7,10,5,3,5,4,8,4,8,7,9,9,9,3,3,4,4,7,10,2,9,3,9,6,7,1,10,4,6,8,4,6,1,8,4,1,10,10,6,9,3,4,8,7,2,8,5,4,8,6,7,9,10,9,1,5,19,12,2,20,20,2,8,9,4,20,0
"304",3,2,1,10,4,8,4,10,5,4,10,7,4,10,4,3,1,1,4,3,2,4,6,3,5,9,3,9,9,3,1,9,6,5,1,4,10,2,9,9,3,6,3,7,10,6,3,5,1,6,15,8,4,16,18,17,18,13,1,5,3,10,2,12,10,2,3,4,6,18,1
"305",6,9,8,5,6,5,6,2,9,9,10,2,6,3,3,8,5,1,2,2,10,7,10,7,4,1,3,2,10,5,6,1,8,3,2,1,5,7,6,10,7,8,3,1,10,6,2,10,2,2,5,12,16,16,14,9,10,16,1,3,6,17,19,2,4,2,3,16,16,19,0
"306",7,4,8,7,1,8,4,8,7,3,9,10,1,9,10,10,1,5,5,1,9,9,9,9,7,2,9,5,7,9,1,7,6,6,9,7,5,10,4,4,5,9,4,6,3,3,10,9,2,10,7,11,5,7,12,17,3,5,1,4,7,8,2,16,18,2,15,14,4,18,1
"307",1,8,6,10,3,5,1,7,6,8,10,2,8,2,7,3,1,6,10,10,7,4,10,6,9,1,1,5,10,1,2,5,2,8,6,10,1,9,2,7,5,7,3,10,2,9,8,8,10,6,7,4,10,6,4,19,3,5,1,14,11,13,15,22,2,4,2,3,4,22,0
"308",5,4,2,10,4,10,1,9,1,7,2,3,6,9,6,3,6,10,4,8,8,4,8,3,3,4,10,9,3,8,7,1,3,8,8,7,4,3,10,2,2,1,1,6,5,4,4,7,5,6,7,18,3,6,11,9,3,5,1,5,9,2,23,21,15,15,3,4,6,23,0
"309",2,6,7,8,9,9,1,8,10,9,9,8,9,1,10,10,4,1,3,9,10,3,8,1,7,4,9,8,2,9,10,3,1,2,9,3,4,8,7,6,3,4,6,9,1,9,9,1,10,5,20,8,17,4,20,5,1,6,3,9,14,19,12,12,4,2,3,9,11,20,0
"310",1,10,7,2,6,5,2,7,7,7,9,3,6,8,4,3,1,8,2,8,10,2,6,9,1,3,6,2,6,6,1,6,7,4,9,7,10,5,8,5,9,1,6,7,8,2,3,4,4,9,13,9,16,6,8,3,21,1,4,19,20,18,11,2,4,2,3,4,6,21,0
"311",7,1,9,8,9,3,6,6,5,6,7,5,5,10,9,3,6,10,9,4,2,5,9,10,9,9,4,10,3,10,7,10,4,10,10,9,1,7,7,3,2,4,2,5,2,1,9,7,3,3,6,4,3,10,16,3,4,7,1,5,5,2,16,14,2,12,11,16,18,18,1
"312",3,1,10,3,8,2,9,1,2,3,3,7,6,7,10,7,1,2,2,7,6,3,7,2,8,5,8,6,1,8,7,5,9,9,1,10,5,1,10,3,8,5,7,3,10,4,4,7,2,9,24,12,4,22,6,4,9,8,3,16,1,5,7,13,2,4,2,3,4,24,0
"313",5,9,4,9,8,5,4,10,7,2,7,1,8,7,3,1,8,3,2,3,9,7,4,9,1,4,6,7,9,6,7,1,2,7,8,2,5,8,9,4,3,8,10,3,2,10,5,1,2,8,5,7,6,8,23,6,7,5,1,6,3,18,22,2,4,2,3,18,16,23,0
"314",10,5,5,2,7,9,8,3,5,4,1,3,3,10,8,1,2,4,10,4,9,4,10,8,7,5,7,6,2,4,8,4,1,8,8,6,5,1,4,10,6,6,3,4,5,10,8,7,1,7,4,16,6,13,8,20,17,3,4,7,1,5,7,13,2,4,2,3,4,20,0
"315",3,7,4,2,8,9,4,4,10,10,3,5,9,7,1,2,6,8,7,3,2,10,10,4,3,1,2,7,1,1,9,1,5,8,3,3,2,4,9,9,9,7,5,3,3,5,4,6,5,2,13,6,15,20,3,4,7,1,3,6,7,18,11,11,11,4,2,3,4,20,0
"316",7,10,4,8,1,2,7,2,4,9,3,8,1,4,4,8,5,6,4,2,9,3,5,10,8,10,3,3,7,7,3,2,7,5,3,5,5,10,6,6,6,8,3,4,8,7,4,10,9,2,14,12,16,6,19,10,3,4,1,5,5,3,18,10,2,4,2,3,4,19,0
"317",9,8,7,9,10,4,6,6,10,6,1,8,10,9,7,6,10,5,4,10,5,3,10,7,1,8,8,10,1,9,7,9,9,2,8,10,5,4,2,8,3,7,7,2,1,5,2,2,9,6,7,6,6,15,5,1,5,19,3,16,2,20,17,11,2,9,8,4,6,20,0
"318",8,5,1,4,9,6,5,7,5,9,4,6,1,1,3,6,2,2,5,10,10,1,8,10,4,8,5,3,5,9,6,1,7,7,1,10,4,2,9,5,9,8,2,5,5,3,7,3,9,7,6,11,7,3,16,4,8,16,3,22,1,5,21,22,2,4,2,3,4,22,0
"319",6,1,1,5,8,9,3,3,6,8,9,6,9,5,1,6,8,6,3,4,2,8,10,4,8,1,9,9,4,7,4,7,3,5,7,10,5,2,7,10,8,5,10,5,8,7,8,4,10,6,6,15,7,14,7,15,17,3,15,12,1,5,6,12,2,4,2,3,4,17,1
"320",4,9,4,8,8,6,9,5,5,7,8,10,4,2,4,5,4,5,4,10,7,8,4,7,9,9,5,6,6,7,7,1,8,7,9,2,1,9,7,8,8,7,2,3,10,6,9,5,6,10,5,4,3,13,4,14,16,15,16,8,1,5,8,8,8,4,2,3,4,16,1
"321",4,5,4,7,1,5,4,3,2,6,7,5,7,7,6,1,1,9,3,5,3,1,8,7,10,5,6,7,1,1,6,10,1,7,9,2,10,9,10,4,1,8,10,2,4,8,6,9,9,3,6,4,8,6,19,3,4,7,1,5,9,14,21,2,9,7,2,3,4,21,0
"322",6,2,3,5,3,5,9,8,4,3,7,10,6,1,1,8,4,7,6,3,2,8,8,7,7,4,2,6,5,1,5,6,5,9,2,1,7,1,8,5,5,1,8,9,4,1,4,8,3,9,6,21,15,3,10,21,21,3,1,5,12,5,2,5,7,2,3,17,15,21,0
"323",3,9,4,7,10,9,6,5,2,8,10,7,3,7,2,9,3,4,8,2,10,1,1,3,6,1,10,7,4,9,9,4,1,8,4,5,3,5,9,3,8,8,9,6,4,8,10,7,3,2,5,6,14,7,8,18,3,4,7,10,1,13,8,2,4,2,9,10,4,18,1
"324",9,3,5,9,8,8,1,8,5,2,7,8,10,2,8,10,2,10,5,8,3,6,5,9,8,6,4,8,4,6,4,7,4,10,1,9,8,8,6,9,7,5,9,5,6,9,1,4,9,2,8,4,19,14,20,3,12,12,1,13,18,3,15,2,4,2,3,16,18,20,0
"325",2,4,1,10,9,1,6,5,6,5,3,4,2,8,5,1,6,7,5,5,3,3,4,2,10,10,9,1,1,4,10,3,8,2,1,1,8,1,8,7,10,4,5,2,10,8,7,9,7,3,20,6,8,3,16,11,10,4,16,1,5,19,3,18,2,4,2,3,4,20,0
"326",7,1,8,9,8,2,8,7,1,4,5,9,9,2,7,5,1,1,1,5,5,3,9,9,1,2,10,6,8,1,2,5,4,9,7,7,1,9,10,1,4,4,5,7,6,9,6,10,3,3,6,7,19,4,14,10,11,5,1,5,14,20,2,9,7,5,5,3,4,20,0
"327",4,1,3,1,8,7,8,5,6,10,10,8,3,5,10,6,1,6,4,1,1,10,6,9,3,7,5,6,10,8,6,3,7,1,1,10,5,2,6,3,5,9,4,9,4,3,3,2,4,3,11,7,13,7,16,4,16,1,5,3,3,11,2,5,7,2,3,20,20,20,0
"328",2,10,4,5,6,4,5,10,6,1,2,1,4,3,1,1,5,4,3,6,3,2,6,1,2,1,2,8,3,3,6,1,8,6,6,5,9,3,10,9,1,2,3,10,4,2,2,1,1,9,5,21,9,6,8,14,3,5,1,6,3,9,2,4,2,3,23,19,14,23,0
"329",9,5,3,8,7,7,6,9,3,5,3,5,6,4,2,1,10,8,2,3,2,10,10,10,5,3,3,9,9,4,10,9,2,7,7,8,4,6,2,10,8,3,9,6,2,1,1,1,6,10,6,11,18,6,8,19,3,5,1,12,15,2,5,7,2,9,8,20,20,20,0
"330",5,1,7,5,6,7,5,3,1,6,3,3,9,7,1,10,5,2,5,9,9,1,5,5,7,1,9,9,1,6,1,5,7,10,10,2,10,1,4,6,10,1,3,10,7,2,3,7,2,8,12,14,19,7,4,3,5,1,5,18,17,2,11,9,10,10,3,4,6,19,0
"331",9,7,7,9,10,9,6,8,7,6,9,7,7,4,8,1,6,10,9,1,8,6,9,3,7,7,2,10,1,9,7,3,9,4,1,10,4,2,7,6,10,3,7,2,4,7,6,6,3,10,6,4,12,14,10,16,12,1,5,7,3,14,3,19,2,4,2,3,4,19,0
"332",8,8,10,8,5,9,7,7,8,10,2,6,10,10,5,1,1,5,3,2,5,2,5,1,10,2,6,5,3,9,6,9,2,8,2,5,10,5,6,2,2,10,7,5,2,5,5,6,2,2,6,10,4,13,18,3,4,6,1,3,5,16,7,2,15,13,2,3,4,18,1
"333",2,8,1,5,4,3,3,2,1,4,9,9,9,6,3,8,7,4,2,4,7,1,7,5,3,2,8,6,10,5,6,3,4,5,5,2,10,2,4,9,4,1,5,1,9,8,9,1,1,1,6,4,18,8,6,3,4,7,1,5,8,2,15,13,2,3,10,14,8,18,1
"334",10,8,9,4,8,10,9,3,9,6,10,10,5,7,1,1,9,1,6,2,9,6,5,6,6,8,2,4,4,8,10,10,5,9,9,8,3,5,2,8,3,10,8,10,10,2,2,10,8,4,7,6,12,4,10,3,6,1,3,13,9,9,2,12,20,18,2,3,4,20,0
"335",10,9,5,3,6,6,1,10,7,3,8,9,3,4,7,2,1,4,10,8,1,5,9,6,9,6,8,1,6,4,1,4,10,7,9,8,1,5,6,1,10,8,8,1,4,1,9,4,3,6,6,7,8,5,4,9,18,18,3,8,1,5,3,2,4,2,10,9,4,18,1
"336",5,10,10,5,1,6,4,8,7,2,4,1,5,5,3,6,6,2,3,7,2,2,6,3,8,4,4,6,4,5,5,2,8,8,5,5,2,3,5,8,7,2,8,10,5,8,9,4,7,1,21,7,4,17,4,6,7,19,16,1,3,6,8,2,4,2,3,13,11,21,0
"337",6,5,8,3,1,9,2,4,1,7,10,9,8,8,9,10,9,3,5,7,3,2,10,5,9,10,1,4,8,8,1,7,5,4,6,10,7,3,2,3,5,6,3,4,7,7,3,10,7,9,4,7,8,5,15,3,19,20,1,7,10,14,8,2,4,2,3,4,6,20,0
"338",8,7,1,3,4,9,1,5,4,3,5,6,10,6,2,1,8,2,8,4,6,7,3,4,9,8,10,4,6,3,3,4,2,5,10,1,4,7,8,7,5,4,8,5,8,3,9,5,7,1,15,13,5,4,17,18,3,8,1,5,3,11,19,13,13,4,2,3,4,19,0
"339",6,5,10,1,8,6,1,2,8,4,1,1,8,1,4,9,2,6,10,10,9,8,1,7,7,5,1,2,6,2,10,1,4,10,8,6,4,4,3,9,4,5,3,1,5,3,9,3,7,7,14,5,21,21,4,4,12,3,19,1,3,24,5,8,2,4,2,3,4,24,0
"340",5,9,7,7,5,2,5,2,10,3,1,4,10,10,7,2,7,10,3,10,7,2,10,10,4,3,7,4,2,6,9,10,6,6,10,10,5,8,6,4,2,4,3,4,10,8,3,7,6,1,4,6,17,6,12,3,9,1,3,6,8,2,18,20,11,11,3,17,17,20,0
"341",2,5,10,8,2,8,8,9,7,10,9,2,9,4,8,5,7,6,8,1,7,1,4,10,2,10,5,4,6,7,1,7,2,8,4,9,1,4,2,1,3,6,2,3,6,2,3,10,2,10,5,11,7,3,4,20,10,1,4,15,3,8,2,24,24,2,14,15,4,24,0
"342",10,9,2,1,6,2,8,7,4,5,9,6,6,5,3,10,10,9,2,2,6,7,8,8,5,4,7,6,5,6,1,1,2,8,8,8,5,3,8,7,2,5,6,7,9,7,6,9,10,7,6,6,14,11,9,16,3,5,1,5,15,19,18,2,5,7,2,3,4,19,0
"343",9,8,4,5,5,8,9,2,9,10,8,7,8,1,10,4,7,2,6,1,9,8,2,6,8,4,5,2,6,3,3,1,9,3,2,8,1,7,2,5,3,2,7,9,4,7,5,1,8,1,4,14,10,18,3,18,7,1,10,5,3,7,17,2,4,2,3,19,19,19,0
"344",2,6,1,10,5,6,7,9,8,2,5,3,5,6,7,7,3,2,5,2,3,7,7,8,4,1,1,9,3,10,5,10,6,2,10,5,7,10,3,3,7,6,1,9,2,10,9,5,1,2,5,4,19,8,9,21,20,1,15,16,14,10,2,19,17,2,3,11,9,21,0
"345",6,3,2,4,5,2,6,10,6,2,7,4,6,7,3,1,1,7,10,9,1,1,2,3,5,2,4,6,3,2,5,8,2,7,3,1,4,10,6,5,6,10,7,8,1,8,8,8,9,1,15,17,17,4,11,22,19,13,1,3,9,5,12,3,2,4,2,3,4,22,0
"346",3,5,6,8,5,4,9,2,1,7,6,1,2,1,10,8,4,1,5,7,7,2,9,4,10,2,10,2,7,6,4,4,8,8,1,4,3,1,4,3,3,5,1,8,6,3,2,2,6,9,7,4,20,14,22,8,3,1,15,12,9,2,10,15,21,2,3,10,10,22,0
"347",9,9,7,5,8,6,4,10,5,6,7,7,10,9,4,1,5,3,1,1,8,3,1,8,4,9,7,8,6,6,2,6,7,10,1,3,3,2,6,1,8,3,2,6,2,6,9,3,10,4,7,11,11,12,9,17,7,1,4,3,9,6,6,17,17,14,14,3,4,17,1
"348",7,3,5,4,9,3,1,10,7,2,4,5,3,4,2,3,9,3,9,3,10,3,3,1,6,3,4,6,2,10,10,9,10,7,10,1,10,2,8,5,1,3,5,4,5,1,4,9,9,7,6,13,6,15,4,10,3,5,6,1,3,16,2,22,20,2,15,14,4,22,0
"349",1,7,2,10,6,2,10,1,3,5,2,3,1,7,9,7,8,3,10,1,7,9,1,4,4,3,1,10,6,9,8,2,7,10,1,1,5,5,2,1,3,5,2,6,2,9,8,4,4,1,5,14,14,16,18,3,4,10,1,3,14,13,7,2,4,2,3,11,9,18,1
"350",6,3,4,6,3,5,3,10,2,4,7,10,3,4,7,2,2,2,6,6,5,9,6,1,2,6,2,1,9,9,5,1,7,8,5,6,8,6,1,9,8,7,1,2,5,9,5,4,3,2,7,11,5,3,19,4,19,23,3,1,4,10,5,8,2,4,2,3,4,23,0
"351",9,3,9,3,4,8,4,7,1,5,10,4,5,10,1,6,6,4,4,5,8,10,9,2,6,8,1,7,7,10,1,9,2,5,2,9,1,3,10,3,7,5,6,3,10,7,9,10,3,1,14,10,20,10,4,20,21,4,1,5,19,12,7,2,5,7,2,3,4,21,0
"352",5,10,9,2,6,4,3,6,3,6,4,6,5,5,4,4,5,8,6,7,7,1,10,2,5,6,6,4,5,9,5,10,9,8,4,1,4,9,3,9,3,6,6,6,7,9,7,7,4,2,6,19,5,3,4,21,3,14,1,5,8,6,6,9,7,2,3,21,23,23,0
"353",8,1,7,7,4,6,10,2,5,6,7,9,3,5,10,1,2,5,1,2,6,6,5,2,6,3,2,10,7,8,6,3,5,1,1,3,5,2,8,8,4,5,2,9,10,1,10,10,5,4,6,10,9,15,23,4,1,4,3,8,18,22,7,2,5,7,2,3,4,23,0
"354",6,5,9,1,6,10,1,1,10,7,2,7,9,10,9,5,1,4,10,9,5,10,4,1,8,6,1,6,8,5,4,8,7,3,1,1,5,6,2,10,2,10,7,2,10,4,3,4,3,3,16,5,6,14,15,1,4,7,3,3,5,2,4,2,14,13,4,19,19,19,0
"355",8,3,10,10,9,4,5,10,7,1,9,5,7,7,4,5,1,5,7,2,1,3,3,10,5,2,4,4,9,4,2,7,6,9,6,8,7,10,6,10,4,2,5,4,5,7,7,1,8,1,6,9,4,10,3,11,14,11,1,14,19,15,2,4,5,5,3,19,19,19,0
"356",10,3,8,9,10,9,6,4,4,1,4,5,4,10,6,2,7,5,5,5,4,6,2,4,6,9,7,8,1,1,2,7,7,8,5,5,1,5,5,1,3,1,1,1,3,2,2,4,5,5,9,13,19,6,4,3,5,5,1,13,13,18,2,13,11,10,10,3,4,19,0
"357",8,7,7,4,9,2,10,3,6,9,5,5,8,4,4,5,1,6,5,5,4,10,5,1,2,1,7,6,2,9,3,2,5,7,9,4,5,9,4,1,7,3,10,9,5,7,7,5,10,1,6,20,6,4,11,3,5,1,18,17,5,16,7,2,22,20,2,3,4,22,0
"358",4,3,8,7,6,4,8,1,3,9,1,5,4,9,10,6,7,10,10,10,4,4,3,7,4,10,4,9,3,1,6,2,3,7,3,2,1,6,7,8,8,8,9,9,5,4,2,3,3,7,17,15,3,22,7,1,4,7,9,19,8,3,5,2,4,2,3,4,6,22,0
"359",10,5,1,1,5,7,10,9,10,9,4,7,4,9,10,7,6,1,7,8,2,7,2,10,3,9,7,8,1,9,2,2,8,4,3,1,5,2,2,8,1,4,4,5,8,7,6,1,8,8,6,14,10,3,5,11,1,8,11,3,16,2,21,23,8,8,3,4,6,23,0
"360",8,5,4,6,2,6,8,1,5,7,8,7,3,1,9,9,10,8,2,4,8,5,7,7,2,10,9,9,7,8,7,7,8,10,3,5,4,9,3,3,3,8,5,8,4,1,2,5,8,6,6,7,9,16,3,9,6,3,17,1,5,5,16,2,4,2,10,11,4,17,1
"361",6,10,3,7,10,2,5,1,7,3,9,9,1,9,7,5,4,2,2,1,3,3,1,9,8,8,9,8,3,5,1,2,1,10,7,9,3,8,5,3,6,1,1,8,4,2,6,1,4,5,13,11,15,20,9,10,4,7,5,1,3,15,11,2,4,5,5,3,4,20,0
"362",8,2,1,6,9,1,6,1,2,4,7,3,5,8,8,10,10,10,8,7,4,5,5,10,7,1,5,7,9,6,2,2,5,6,6,4,3,8,6,9,1,2,1,4,10,10,3,7,2,9,6,15,13,19,23,5,1,5,21,9,11,3,2,4,5,5,3,4,6,23,0
"363",8,7,2,8,3,9,10,10,4,5,4,7,6,3,9,2,8,10,2,2,2,3,2,9,10,7,6,2,4,2,4,4,10,7,2,6,10,3,8,3,1,4,3,5,5,1,3,3,1,7,4,8,3,8,3,4,17,20,6,1,9,9,2,5,12,7,2,3,4,20,0
"364",8,5,1,6,10,1,7,5,5,9,6,10,9,10,10,1,5,8,2,6,10,3,6,9,1,5,6,3,4,1,7,10,9,6,5,2,10,3,6,3,4,4,1,8,8,6,6,6,6,4,6,10,16,10,3,17,1,20,3,20,9,2,5,12,7,2,3,4,6,20,0
"365",9,5,7,10,7,10,8,3,10,9,10,9,9,10,8,10,8,2,3,8,6,6,8,8,4,6,1,5,6,3,8,2,3,10,5,7,8,2,8,3,7,5,9,7,2,8,5,7,7,4,6,6,7,16,1,4,3,8,9,13,11,19,2,5,7,2,3,4,6,19,0
"366",2,5,4,4,2,5,5,1,3,7,7,6,8,7,6,6,9,1,4,5,4,7,4,9,1,6,9,4,1,2,5,1,8,5,2,4,8,8,8,6,9,5,2,4,7,8,10,8,8,6,12,15,13,3,3,4,7,1,4,21,21,7,7,2,4,10,10,3,4,21,0
"367",1,8,2,10,6,8,8,1,2,10,4,3,6,6,4,10,7,5,9,2,4,5,4,9,9,9,3,2,2,2,7,3,1,6,3,8,3,3,1,10,4,6,9,2,10,1,7,1,3,1,7,4,11,3,15,3,4,1,10,7,10,18,17,2,4,2,3,11,13,18,1
"368",1,5,2,2,2,3,4,8,4,10,1,7,7,4,8,8,4,10,10,2,5,10,2,10,6,8,4,4,5,2,7,6,9,3,4,1,6,4,4,3,8,3,9,10,7,9,7,9,7,5,5,4,15,8,3,7,20,13,20,5,1,20,3,21,2,4,2,3,4,21,0
"369",10,6,9,2,7,3,3,2,4,6,2,6,5,10,4,9,3,9,2,3,8,2,7,1,4,6,2,8,4,7,5,1,8,1,9,7,6,1,8,5,4,4,8,7,2,4,4,2,6,5,13,4,7,6,3,17,9,24,4,7,1,5,21,25,2,4,2,3,4,25,0
"370",3,9,3,9,1,2,1,5,3,9,3,1,9,9,7,6,10,7,6,10,5,1,7,4,1,2,6,5,10,1,4,2,5,8,8,5,4,6,5,6,6,8,10,7,10,4,9,9,7,7,6,11,21,9,19,7,3,5,1,19,20,15,10,2,4,2,3,4,6,21,0
"371",4,7,7,3,7,3,7,3,1,2,8,6,1,5,3,3,1,8,1,3,3,8,10,5,2,1,2,6,6,1,9,10,7,10,8,1,4,8,9,9,1,8,3,6,1,9,5,10,10,1,5,9,6,8,4,11,21,20,3,5,1,4,7,8,2,4,2,3,4,21,0
"372",1,6,1,5,1,6,9,1,6,2,4,8,3,2,5,6,6,10,1,9,10,9,6,9,5,1,5,9,3,9,3,9,7,5,1,9,4,2,7,4,1,4,9,2,3,6,3,10,3,1,6,4,10,14,10,21,10,3,1,5,13,6,5,2,18,20,2,3,4,21,0
"373",1,7,4,3,8,8,4,10,10,3,6,9,2,7,9,6,1,3,5,4,10,10,9,6,5,8,3,7,1,1,5,2,6,2,1,8,8,3,3,1,10,4,4,6,3,2,5,10,9,4,6,6,4,18,10,1,8,11,9,9,3,20,3,5,2,4,2,3,4,20,0
"374",3,10,7,2,5,7,3,5,9,4,10,5,4,5,6,8,2,7,10,8,7,6,1,10,5,3,4,3,7,10,6,8,8,9,1,2,2,4,9,5,3,6,5,3,5,4,1,10,1,3,18,10,18,8,3,15,1,4,3,11,8,6,6,9,7,2,3,4,6,18,1
"375",9,1,2,4,9,4,10,3,6,6,2,8,8,5,9,9,9,4,1,4,4,3,1,9,5,1,7,5,6,4,10,5,1,7,6,4,2,9,6,10,6,9,1,2,4,3,4,2,2,7,15,4,17,9,3,5,6,1,3,5,8,2,4,2,14,15,4,17,17,17,1
"376",5,10,5,5,8,1,1,3,1,8,4,9,2,6,7,8,10,3,5,5,2,4,6,1,7,3,5,2,10,3,7,4,10,4,5,2,5,6,10,3,5,7,2,1,9,10,1,5,3,9,4,5,6,18,7,8,6,19,1,19,20,13,7,2,4,2,3,10,10,20,0
"377",2,5,2,9,4,5,5,3,3,6,4,3,10,9,6,4,8,10,10,2,5,10,10,10,8,4,1,2,4,5,3,3,4,6,10,6,7,5,10,4,6,5,8,5,1,7,3,1,8,4,6,4,8,16,9,14,1,18,15,9,17,21,3,2,4,2,3,14,14,21,0
"378",6,3,2,6,5,7,2,3,6,10,3,8,8,9,6,10,8,6,6,6,8,4,7,8,9,3,7,1,4,1,4,5,2,9,10,10,1,7,9,7,8,3,2,4,9,4,2,7,8,4,12,4,18,16,7,3,1,8,5,9,9,17,2,4,17,17,3,4,6,18,1
"379",6,6,6,3,3,5,2,7,8,7,2,7,4,9,6,1,3,10,10,8,1,7,9,3,4,1,8,4,4,4,3,6,5,10,10,1,3,2,1,1,6,8,4,6,5,5,6,2,5,7,11,7,9,5,1,4,7,15,8,3,6,6,5,15,12,2,3,4,6,15,1
"380",2,4,9,10,10,7,9,10,7,3,1,3,5,7,8,2,7,3,10,2,8,2,9,3,6,5,9,6,5,6,7,1,3,5,4,10,4,3,4,1,9,2,2,9,6,6,5,7,7,8,19,18,6,9,3,6,15,1,4,3,8,9,2,21,19,15,15,3,4,21,0
"381",1,2,2,9,9,2,6,6,10,7,6,5,6,10,4,3,8,1,9,8,2,9,3,4,3,3,9,5,4,4,9,1,2,3,4,10,6,10,9,4,10,1,7,6,1,7,7,9,1,8,5,10,20,22,16,18,3,5,1,6,3,7,13,2,4,2,3,4,6,22,0
"382",8,7,5,5,7,5,6,10,6,10,5,5,4,7,4,7,6,6,8,7,7,1,10,7,5,9,10,7,9,6,10,8,3,6,3,2,2,3,8,5,8,9,9,9,3,10,1,3,6,7,13,3,7,12,18,3,16,1,5,17,19,6,6,5,7,2,3,4,6,19,0
"383",6,2,7,7,10,9,1,10,1,9,9,8,1,1,9,4,8,3,9,8,2,6,10,7,1,9,4,6,7,5,2,3,1,9,5,4,5,9,8,7,8,3,2,3,6,8,10,3,6,9,7,5,16,12,4,15,3,5,1,4,7,15,15,11,11,4,2,3,4,16,1
"384",1,2,8,1,7,9,5,3,1,9,7,9,8,4,5,5,5,1,6,6,4,5,7,4,6,9,9,8,4,5,5,6,6,5,7,4,10,2,6,5,6,3,8,1,4,1,5,7,5,4,7,13,17,11,3,4,7,3,5,1,5,7,2,4,2,21,15,13,4,21,0
"385",10,6,4,1,8,8,6,6,5,2,6,9,9,10,10,1,6,5,6,3,4,8,2,9,10,4,6,1,7,5,1,7,5,2,5,10,10,2,3,3,2,4,10,4,1,4,5,10,2,1,4,18,8,12,21,14,18,1,17,3,3,2,5,7,2,11,10,14,16,21,0
"386",3,7,5,6,10,7,9,1,7,8,2,9,4,4,10,3,5,5,10,9,10,5,4,6,3,9,3,5,10,10,2,9,4,3,10,10,9,10,5,7,10,10,2,9,4,1,8,4,7,6,5,6,19,15,4,13,20,5,1,4,7,3,19,2,4,2,17,16,4,20,0
"387",7,2,10,5,4,4,4,4,5,8,9,5,8,8,7,5,7,7,5,5,3,9,9,6,4,3,4,1,6,2,4,9,9,2,5,7,8,4,3,2,5,6,1,4,10,6,9,2,7,8,6,4,10,8,4,14,1,3,7,11,9,3,2,5,17,16,2,3,4,17,1
"388",10,4,6,9,9,5,2,3,9,6,7,8,1,7,7,2,7,1,6,6,6,1,4,6,7,7,10,10,8,6,7,5,10,6,6,3,2,2,5,9,3,6,5,9,5,10,6,2,4,10,10,4,7,14,14,9,3,5,5,1,3,9,2,4,2,3,4,14,14,14,1
"389",4,2,8,10,8,5,10,5,6,2,7,7,10,10,4,9,8,7,10,3,8,5,4,10,2,5,5,4,7,4,4,9,5,8,6,10,9,7,8,1,8,5,7,7,9,2,8,1,2,3,5,6,7,21,3,9,14,1,21,12,10,3,2,4,2,3,15,12,23,23,0
"390",7,7,7,10,5,10,1,6,5,10,9,4,10,8,6,9,3,3,2,4,1,4,9,5,7,6,9,9,3,4,1,5,4,10,4,6,8,4,3,4,5,6,10,5,9,6,6,9,9,1,22,6,4,12,6,7,4,7,1,5,19,6,11,2,15,17,2,3,4,22,0
"391",9,2,8,3,10,6,4,9,8,6,6,5,10,4,3,9,2,6,10,1,1,3,5,10,10,10,7,7,6,9,1,7,2,4,10,5,9,10,4,8,8,4,5,10,5,5,7,10,3,10,11,14,5,7,4,17,4,19,20,5,1,3,11,3,2,4,2,3,4,20,0
"392",6,1,9,7,9,7,10,4,4,9,4,6,9,4,3,4,9,2,2,4,4,8,2,1,9,9,3,7,1,1,8,9,1,7,8,7,6,7,1,6,8,4,6,10,4,10,4,4,8,8,16,6,3,4,12,11,5,10,1,7,17,16,11,2,4,2,3,7,9,17,1
"393",4,6,9,8,1,2,4,2,3,9,4,2,1,9,1,1,10,9,2,10,3,10,8,5,5,4,3,4,7,4,2,4,8,3,3,3,5,6,6,2,9,8,8,5,9,6,5,3,9,6,5,16,9,18,13,4,10,3,12,1,5,3,9,2,4,2,3,4,6,18,1
"394",2,3,10,1,4,5,6,9,1,10,4,8,5,7,3,3,5,4,3,7,1,2,4,8,5,6,4,4,8,3,9,10,1,7,5,7,3,8,7,1,8,3,3,8,1,7,6,5,8,1,5,6,13,3,4,3,19,14,1,7,10,17,13,2,4,2,3,4,6,19,0
"395",5,6,1,2,7,9,3,3,3,7,1,4,8,3,5,6,6,2,7,5,5,9,7,9,3,6,1,1,8,10,8,8,4,4,2,8,5,7,5,2,4,5,1,2,10,1,9,5,9,1,16,16,5,14,3,19,4,3,1,18,20,5,10,2,4,2,15,16,4,20,0
"396",2,4,10,4,9,5,6,7,1,8,7,2,6,3,3,3,6,1,2,4,7,6,6,6,9,8,3,2,10,6,7,4,1,9,1,1,7,2,8,7,1,10,1,2,9,9,4,6,1,4,18,3,6,4,4,10,14,13,1,18,17,16,18,2,19,19,2,3,4,19,0
"397",6,6,7,4,3,7,6,1,3,9,2,4,9,2,8,7,10,3,7,1,7,3,7,3,1,3,1,7,10,7,6,10,3,2,8,7,3,4,4,2,9,1,7,4,7,3,6,7,7,4,9,13,20,21,7,17,5,1,4,21,22,13,16,2,5,7,2,3,4,22,0
"398",7,1,3,2,2,10,5,7,1,9,8,8,10,5,3,5,10,5,4,7,10,9,7,3,7,9,2,5,6,7,8,1,6,7,8,7,10,9,4,5,7,8,6,6,6,10,10,5,1,9,17,13,21,20,3,4,11,3,1,8,5,17,13,2,20,22,2,3,4,22,0
"399",6,5,4,2,9,3,1,3,1,6,5,8,6,5,5,2,9,2,9,3,5,10,1,6,2,2,3,2,10,6,3,4,10,4,9,3,5,8,3,2,1,1,9,1,8,6,2,9,6,5,14,5,6,16,8,3,6,19,1,4,19,9,8,2,9,7,2,3,4,19,0
"400",5,8,7,4,7,2,9,10,1,10,5,7,2,2,9,2,9,8,8,6,5,7,8,8,8,6,6,8,6,8,3,7,10,4,9,2,9,8,6,7,1,8,9,2,6,3,8,6,4,8,5,6,9,8,20,12,4,10,5,1,5,19,3,2,4,2,23,22,4,23,0
"401",2,1,4,5,4,9,6,5,3,2,10,4,2,3,9,3,2,5,6,6,5,9,6,1,10,5,10,8,7,2,7,1,8,10,4,10,5,5,9,4,6,7,4,8,3,8,10,3,9,9,5,10,4,16,6,4,23,9,3,1,5,21,24,5,2,4,2,3,4,24,0
"402",8,7,7,7,9,1,4,8,1,2,2,1,10,9,4,3,2,8,8,10,9,3,2,7,3,2,3,6,8,2,6,1,8,8,5,2,8,7,2,7,10,6,9,9,10,5,9,2,3,7,4,5,20,4,24,6,8,5,22,1,21,15,21,3,2,4,2,3,4,24,0
"403",4,6,6,1,9,10,8,10,7,9,1,10,6,5,2,3,5,7,9,4,9,2,3,8,4,4,7,5,2,3,4,3,7,3,3,8,5,8,2,4,10,2,7,8,9,3,4,8,8,7,6,13,7,8,14,6,10,6,1,3,5,22,3,15,2,4,2,3,4,22,0
"404",3,8,10,4,2,7,9,9,8,8,3,5,1,4,3,7,2,3,2,1,8,7,6,2,7,3,3,4,3,7,9,7,4,9,4,1,6,1,2,9,7,8,6,10,8,2,3,5,7,6,21,6,16,4,10,21,20,6,1,3,13,9,9,2,15,13,2,3,4,21,0
"405",10,1,3,10,10,1,9,5,9,10,7,10,8,2,9,3,8,6,2,8,4,7,6,5,8,10,4,3,10,6,2,6,8,10,3,3,3,7,3,9,2,5,3,1,3,7,9,8,8,5,6,15,17,4,3,1,13,12,3,9,11,11,18,16,5,5,14,13,4,18,1
"406",8,1,5,7,7,4,3,7,1,4,8,3,5,5,10,1,9,1,8,1,4,4,10,10,3,2,5,4,1,2,9,7,3,10,5,9,5,8,1,1,9,1,2,8,5,9,6,6,4,3,7,19,14,11,16,3,16,1,4,18,19,8,2,17,17,11,11,3,4,19,0
"407",2,7,3,4,2,8,2,2,3,6,3,1,5,4,6,4,6,6,2,10,2,10,5,2,9,10,5,3,3,9,4,2,1,8,4,8,3,10,8,10,5,3,7,6,3,10,10,9,3,5,6,4,15,9,19,3,20,4,3,8,1,5,15,11,2,4,2,3,4,20,0
"408",8,7,2,5,10,10,3,5,9,5,8,5,2,2,9,4,4,6,2,1,8,1,1,10,5,7,8,10,10,7,8,8,6,9,7,6,3,1,7,1,10,4,5,7,4,8,5,3,10,9,12,14,7,16,11,3,16,15,6,1,10,3,8,2,5,7,2,3,4,16,1
"409",3,2,9,5,7,7,8,1,8,7,8,4,7,4,7,8,2,2,8,10,2,10,3,5,6,1,4,3,10,6,5,8,8,7,6,4,5,8,4,8,6,4,8,8,2,4,10,9,2,3,5,23,21,4,15,3,11,21,1,4,3,7,14,2,4,2,9,8,4,23,0
"410",3,4,3,3,3,2,7,1,9,9,4,4,5,10,6,10,2,3,1,2,3,2,6,2,7,1,9,1,9,6,7,4,6,3,3,2,10,10,8,5,1,9,7,1,3,4,10,6,6,7,5,9,4,6,19,3,4,18,1,3,6,9,15,2,4,2,20,21,4,21,0
"411",3,5,6,1,2,6,7,4,8,6,1,10,5,3,4,9,3,2,10,6,9,2,1,5,6,7,4,1,6,3,4,3,6,9,1,10,8,9,8,2,10,5,10,2,6,6,7,7,7,4,5,14,6,7,4,4,12,3,20,23,1,24,3,9,2,4,2,3,4,24,0
"412",7,7,10,2,4,6,2,4,2,6,5,4,3,8,1,7,6,8,2,1,3,3,4,8,8,5,8,10,5,6,4,2,6,4,8,10,10,9,7,10,7,2,7,1,1,2,5,3,6,2,9,6,5,3,20,4,3,4,7,5,1,23,2,4,2,20,12,21,4,23,0
"413",8,7,6,3,7,1,4,10,5,4,2,1,5,8,7,7,9,5,3,5,7,4,9,4,4,1,8,10,9,7,9,7,3,1,1,10,6,6,1,10,6,4,2,5,10,10,10,1,7,5,20,8,5,4,13,6,21,13,1,6,3,8,17,5,2,4,2,3,4,21,0
"414",5,8,9,1,8,4,6,3,5,2,7,2,5,6,8,4,7,1,5,7,8,4,6,7,2,10,10,1,2,5,4,10,2,4,6,9,2,7,6,7,1,8,10,10,3,5,2,2,7,5,18,10,10,15,12,16,1,8,5,5,3,9,15,2,4,2,3,17,17,18,1
"415",9,3,8,2,3,2,1,4,5,5,10,3,10,5,1,6,4,7,10,8,5,7,2,7,3,8,4,9,5,7,1,1,10,4,7,9,8,2,4,4,7,4,6,4,6,10,9,6,9,1,19,18,12,10,15,4,10,5,5,1,3,10,3,2,13,13,2,3,4,19,0
"416",9,1,2,2,6,8,5,6,4,8,10,4,4,3,6,4,3,1,10,8,10,10,5,2,2,5,6,2,6,9,10,2,3,10,2,2,10,8,5,9,5,3,3,1,10,1,10,10,10,3,14,10,17,3,4,11,3,1,8,5,7,18,2,4,5,5,20,21,4,21,0
"417",3,3,3,2,3,2,9,2,7,10,3,6,6,5,3,10,8,6,10,4,5,3,4,8,7,7,10,4,5,4,9,2,3,9,7,1,4,2,5,9,2,8,4,4,7,1,6,1,3,7,7,19,21,17,19,3,4,11,1,3,6,12,17,2,5,7,2,3,4,21,0
"418",4,7,7,6,5,9,4,8,3,9,3,7,4,3,4,9,4,5,8,6,4,7,6,2,2,6,8,5,7,2,6,2,5,9,10,2,2,5,5,4,3,3,7,4,1,8,10,8,7,2,16,13,3,17,4,7,3,5,1,5,16,16,6,6,4,2,16,15,4,17,1
"419",6,6,6,10,6,7,8,10,5,6,7,5,7,8,10,4,1,1,8,9,2,10,9,1,6,7,7,4,1,6,4,7,1,6,6,4,1,3,4,5,8,8,7,7,10,9,10,5,4,7,4,9,17,6,10,1,4,7,21,3,19,7,13,13,18,16,2,3,4,21,0
"420",8,6,8,5,3,9,6,8,7,7,5,3,2,2,1,1,4,1,1,10,3,4,5,5,9,7,2,7,5,9,2,4,10,7,5,7,7,5,4,8,3,10,3,9,8,4,3,9,8,1,16,18,15,4,4,12,6,7,5,1,5,3,10,2,5,7,2,3,4,18,1
"421",5,9,3,7,9,3,1,5,2,7,5,2,4,3,5,2,6,4,8,7,3,8,6,3,6,6,7,8,3,10,5,4,6,9,3,1,7,7,10,10,4,4,3,1,5,2,7,6,4,8,16,18,16,6,7,14,4,10,3,1,5,19,5,2,4,2,23,22,4,23,0
"422",4,3,1,4,6,2,9,3,1,4,8,2,3,4,8,1,7,3,3,9,8,7,8,8,7,9,5,4,9,5,1,2,8,7,8,5,7,5,1,4,3,5,3,5,9,7,2,7,1,1,5,10,4,20,16,12,3,1,8,5,21,21,2,4,2,3,4,16,16,21,0
"423",10,4,5,9,3,7,3,1,7,6,3,8,6,7,9,1,5,9,8,9,8,4,2,9,5,9,10,10,9,6,4,5,4,10,7,4,2,1,10,2,2,6,8,9,6,8,2,4,10,10,17,21,11,14,3,5,7,1,4,3,9,2,5,17,14,2,3,4,6,21,0
"424",4,4,9,1,5,6,10,3,10,2,9,8,4,5,2,5,8,2,8,3,4,4,9,1,4,4,6,9,7,8,9,5,6,4,7,8,8,2,9,2,10,1,8,5,10,1,2,1,10,5,14,6,7,8,10,18,15,1,6,3,9,2,5,7,2,3,19,17,14,19,0
"425",1,6,8,1,2,4,10,2,9,7,1,4,1,9,6,9,2,5,5,4,2,6,1,1,8,2,10,10,6,7,1,10,9,8,3,7,6,2,2,4,3,6,3,8,8,2,8,2,6,1,7,16,4,6,15,12,3,4,7,13,1,10,9,2,4,2,3,10,8,16,1
"426",6,3,8,8,3,9,9,4,2,8,7,5,5,6,9,7,10,10,8,10,8,10,7,8,1,1,5,9,6,7,7,3,1,5,7,10,4,2,8,7,10,1,10,1,8,9,4,4,6,5,6,14,20,8,24,1,4,7,7,21,8,3,5,2,4,2,3,4,6,24,0
"427",4,4,9,4,4,10,9,5,10,8,8,3,3,4,5,10,1,3,6,2,3,7,4,4,3,4,4,7,5,3,1,10,8,7,9,6,10,2,3,5,3,4,2,5,10,2,8,9,5,2,12,14,16,10,3,4,7,7,1,4,10,3,2,5,18,21,2,3,4,21,0
"428",5,4,9,8,6,7,2,3,4,7,6,10,1,9,6,9,10,8,7,7,7,6,7,8,1,1,10,5,2,1,6,1,10,8,8,1,10,1,2,7,5,2,8,7,7,9,8,8,6,6,6,10,18,21,11,3,4,1,13,17,7,14,18,2,5,7,2,3,4,21,0
"429",4,5,6,1,1,1,3,4,1,1,6,2,8,6,7,2,10,9,6,10,4,5,9,9,1,4,10,5,6,3,5,10,7,9,2,2,7,2,5,7,5,4,9,6,2,10,2,7,9,6,6,15,20,7,14,6,11,9,3,1,18,15,11,5,2,4,2,3,4,20,0
"430",4,9,5,2,6,6,10,2,10,4,3,3,6,10,5,7,1,10,5,1,3,5,6,5,6,9,6,8,10,5,7,7,6,3,9,10,10,4,10,1,10,9,3,10,10,1,10,6,2,2,4,19,17,20,19,10,4,7,5,1,11,3,3,2,5,7,2,3,4,20,0
"431",4,7,9,10,1,3,10,6,8,1,4,4,10,4,9,5,10,10,3,5,3,6,6,9,1,4,2,10,2,2,9,10,9,10,4,10,3,5,2,10,7,1,5,2,3,3,6,6,4,9,6,17,4,6,3,16,13,1,15,3,13,5,11,2,4,2,9,8,4,17,1
"432",7,5,3,1,3,9,1,8,10,4,3,4,9,8,9,9,9,10,4,8,10,3,1,8,2,8,4,3,6,4,8,3,9,7,3,2,6,1,6,4,7,8,2,1,9,1,6,1,3,2,11,6,7,4,3,5,7,1,4,3,9,2,4,2,17,16,21,17,8,21,0
"433",5,2,1,9,10,9,1,10,9,6,3,7,1,6,10,7,4,8,4,8,5,8,6,9,8,10,8,1,4,10,9,6,5,9,1,1,4,8,4,6,4,5,5,5,5,2,2,10,7,2,8,4,18,3,12,18,10,3,1,5,15,8,2,9,11,2,3,4,6,18,1
"434",3,3,10,2,4,6,5,4,10,10,3,4,8,8,3,6,1,1,8,6,10,4,7,1,8,7,1,5,7,9,7,1,10,4,3,4,9,2,4,3,8,6,10,7,3,10,5,10,5,1,20,6,9,16,4,13,3,1,5,3,12,5,2,21,19,2,3,4,6,21,0
"435",1,8,3,1,2,10,2,6,1,5,8,9,6,4,3,6,3,7,4,9,5,5,3,10,6,1,6,9,7,10,5,8,6,10,3,10,10,2,2,2,3,3,8,8,6,7,7,8,4,8,5,4,9,8,13,4,11,3,1,5,11,5,2,18,19,7,2,3,4,19,0
"436",4,8,3,7,5,3,9,3,10,4,2,1,4,10,3,1,9,4,1,9,8,4,7,8,8,3,8,3,5,4,4,9,8,9,8,5,2,8,3,9,10,1,9,3,2,4,10,4,1,3,5,19,13,4,9,16,21,20,3,1,8,5,13,9,2,4,2,3,4,21,0
"437",7,1,4,7,5,6,6,10,7,10,4,6,8,1,8,9,4,7,8,2,6,8,6,9,9,9,5,5,6,7,8,5,8,8,8,4,8,4,7,2,3,3,3,7,3,10,8,8,9,5,13,4,9,3,16,7,3,5,1,5,8,2,17,11,20,14,14,3,4,20,0
"438",2,6,10,6,10,10,9,4,9,8,7,5,9,5,10,8,4,5,6,2,2,5,8,10,10,2,2,6,8,7,3,7,6,4,9,9,2,9,3,7,8,3,7,10,4,9,5,6,10,6,5,4,19,17,9,9,6,13,18,1,15,16,14,10,2,4,2,3,4,19,0
"439",1,4,10,7,9,4,4,7,5,3,9,7,8,7,10,7,2,7,8,9,3,6,3,5,7,5,2,10,7,2,8,4,10,5,2,9,9,7,2,3,3,6,8,4,9,1,7,1,3,3,5,6,4,3,4,8,13,1,16,13,3,5,2,19,19,2,3,17,17,19,0
"440",10,4,2,10,9,7,9,2,9,2,8,2,6,4,2,6,3,6,8,3,10,2,1,3,5,4,6,1,5,1,4,4,4,2,1,9,1,10,7,3,6,3,9,10,3,6,7,9,2,6,11,20,4,9,9,20,6,1,3,10,5,9,3,19,2,4,2,3,4,20,0
"441",8,6,3,2,10,10,7,3,3,10,5,10,8,9,1,1,6,5,3,1,10,4,9,5,1,6,5,5,7,8,2,10,8,8,2,2,7,2,4,9,4,3,6,5,8,6,2,10,8,9,21,6,19,16,22,20,3,6,1,5,15,9,2,5,12,7,2,3,4,22,0
"442",7,3,9,9,6,1,5,10,1,9,1,1,3,10,2,9,9,8,3,5,2,8,10,5,3,9,7,9,6,5,7,2,10,8,10,4,4,8,1,4,6,2,5,3,3,5,6,7,7,10,17,3,6,6,19,12,3,6,9,1,5,8,2,19,19,5,5,3,4,19,0
"443",9,10,1,5,9,2,7,3,3,4,4,7,6,4,1,1,3,3,6,7,5,2,6,10,4,9,4,9,2,8,7,8,10,1,7,7,5,9,6,5,2,7,10,10,6,7,5,7,1,3,18,16,3,14,4,16,9,12,5,1,18,17,5,11,2,4,2,3,4,18,1
"444",3,1,6,3,6,3,3,8,5,7,5,3,6,8,7,10,2,8,10,2,3,1,9,4,3,8,6,6,1,7,5,9,5,6,7,3,10,10,3,8,1,6,1,10,1,10,1,6,7,1,17,19,7,18,19,11,14,1,5,10,3,3,2,14,16,2,3,11,9,19,0
"445",3,8,3,1,6,5,8,4,9,3,9,5,6,2,4,7,9,3,9,1,3,9,1,8,2,4,7,6,1,9,2,3,3,4,10,3,4,2,6,2,2,6,9,3,8,1,1,10,2,1,6,14,3,18,17,11,1,8,10,3,2,13,18,7,2,3,20,20,8,20,0
"446",3,8,9,5,1,5,10,10,4,8,10,8,1,2,1,4,1,9,7,4,10,8,4,3,10,6,10,2,2,8,5,4,7,1,2,7,4,4,6,3,9,9,10,4,5,1,9,1,5,10,6,6,3,7,4,4,15,17,1,5,16,3,8,2,19,21,2,3,4,21,0
"447",4,8,7,4,9,8,5,8,6,7,10,1,10,4,8,7,4,5,6,4,1,8,9,7,4,8,2,5,5,8,9,4,4,10,4,2,4,7,2,2,7,1,9,3,9,6,1,9,6,7,5,10,3,22,3,6,9,1,4,7,14,8,24,24,23,23,2,3,4,24,0
"448",5,10,2,9,5,1,10,7,10,2,10,7,2,6,4,2,9,4,4,7,2,9,7,10,10,10,6,4,8,10,1,3,5,3,4,6,1,8,8,8,4,10,2,5,10,7,4,5,6,1,5,6,8,4,10,10,9,16,1,5,3,17,10,20,2,4,2,3,4,20,0
"449",3,9,4,9,6,3,5,1,10,1,4,5,5,8,7,5,4,6,10,10,4,2,6,3,7,4,3,8,1,9,10,5,2,7,4,3,4,7,1,1,2,6,4,6,10,8,5,2,10,5,15,4,6,4,18,3,5,1,3,6,14,8,2,14,15,21,2,3,4,21,0
"450",9,4,3,7,1,2,4,1,9,9,4,10,8,8,1,5,3,6,7,10,10,10,1,4,2,1,5,4,9,2,4,2,10,4,4,2,7,1,6,7,2,10,1,7,4,6,5,3,7,1,12,21,10,11,6,1,10,3,20,12,3,5,2,5,7,2,3,4,6,21,0
"451",10,7,5,7,8,8,1,1,10,7,5,4,3,2,2,1,3,5,9,6,9,8,6,3,3,9,1,9,8,8,8,1,7,10,1,9,2,8,3,4,1,5,6,10,6,4,1,2,4,3,5,6,7,15,15,13,3,1,15,18,3,13,5,2,4,2,3,4,6,18,1
"452",2,9,10,6,8,6,6,2,4,9,8,4,10,6,9,9,9,7,8,1,5,3,1,9,8,4,7,8,4,9,5,6,2,3,9,3,9,3,3,1,5,10,10,1,7,2,8,2,6,10,10,4,11,7,4,7,6,1,3,8,3,2,13,17,18,2,14,15,4,18,1
"453",4,2,7,1,5,4,3,3,6,4,10,8,3,9,3,1,1,9,1,2,9,1,3,4,4,2,9,7,10,8,3,6,4,2,9,8,5,10,8,4,5,3,10,1,4,5,5,6,8,1,6,10,5,7,4,16,18,13,4,7,1,5,6,12,2,4,2,3,4,18,1
"454",3,5,2,9,10,2,6,2,10,6,3,7,1,2,4,6,5,6,2,10,9,6,6,3,3,7,3,7,3,9,10,1,2,5,1,10,8,7,2,4,9,4,5,6,4,10,10,4,3,3,5,17,11,19,9,22,4,3,1,6,3,16,11,5,2,4,2,3,4,22,0
"455",3,4,1,3,7,1,8,9,2,7,9,4,8,6,7,3,9,9,6,1,8,8,2,5,10,10,2,6,5,6,1,9,7,1,4,6,4,10,2,2,3,5,1,8,6,5,8,3,2,10,5,6,8,16,8,4,9,1,12,15,3,7,2,17,20,15,2,3,4,20,0
"456",3,6,9,8,8,1,4,9,10,3,8,10,3,5,1,8,1,2,7,9,5,2,7,4,7,8,6,2,2,7,9,8,5,2,10,7,9,8,9,6,5,10,8,7,9,1,5,9,9,3,6,9,19,4,11,11,15,10,9,1,3,6,18,11,2,4,2,3,4,19,0
"457",7,9,8,8,10,5,9,9,4,5,1,5,5,5,7,6,8,9,3,7,6,3,4,6,5,9,4,6,4,6,7,1,6,8,6,8,5,1,1,4,2,1,10,2,9,2,7,3,9,3,3,6,6,4,3,5,1,4,7,8,2,5,14,15,20,2,3,10,10,20,0
"458",1,1,1,5,1,6,2,9,3,9,5,6,2,3,1,5,10,2,5,10,5,5,6,7,10,2,1,1,1,10,1,5,9,10,4,7,5,9,9,9,4,5,7,7,7,6,10,10,1,9,22,19,12,9,12,4,10,3,1,21,17,5,23,20,2,4,2,3,4,23,0
"459",5,5,5,3,9,8,8,8,9,1,3,6,9,9,3,7,3,2,3,1,5,2,1,3,8,5,9,3,7,1,5,6,4,4,8,1,8,3,3,5,7,8,8,1,8,10,1,1,10,3,6,7,8,9,10,19,18,5,1,9,3,2,5,7,2,3,20,18,14,20,0
"460",2,7,2,8,5,1,5,4,6,4,7,2,8,1,3,6,3,8,10,2,7,4,7,8,9,2,4,1,8,8,8,5,2,5,2,8,7,9,8,10,9,4,4,3,5,4,3,10,1,1,6,11,12,7,4,19,1,3,6,14,3,9,2,4,9,9,3,10,12,19,0
"461",4,8,7,3,1,8,6,8,1,2,5,8,1,3,3,9,4,5,8,9,8,9,10,1,5,9,7,3,7,2,3,10,8,5,2,10,4,4,7,5,2,7,10,6,1,2,8,6,10,9,5,10,6,17,4,11,4,3,1,5,21,18,8,2,4,2,10,11,4,21,0
"462",6,1,8,9,3,1,9,1,8,6,7,7,2,9,7,2,2,7,2,7,5,1,7,6,3,1,5,8,3,5,1,2,8,2,5,1,2,6,3,3,8,5,4,10,8,3,10,5,10,3,6,4,10,4,22,13,17,5,1,5,5,6,17,3,2,4,2,3,4,22,0
"463",9,10,3,6,4,7,7,1,10,9,6,1,8,2,7,4,10,7,7,7,7,8,8,6,6,1,4,1,3,5,1,6,6,4,7,8,5,3,9,6,3,8,9,6,4,10,6,7,9,9,4,14,10,6,18,6,11,1,8,5,14,9,3,2,17,19,2,3,4,19,0
"464",10,4,5,7,6,2,1,4,10,9,10,2,8,1,4,9,2,7,5,6,9,10,4,5,5,3,6,8,7,8,6,7,8,10,4,3,7,1,3,7,2,6,7,6,2,1,5,8,6,9,10,4,19,14,6,16,3,6,1,3,5,2,18,11,15,2,12,11,4,19,0
"465",7,9,8,5,8,4,5,3,4,1,10,8,2,9,8,2,5,10,2,1,6,3,8,10,6,7,10,5,10,10,6,3,3,2,4,8,4,9,7,7,7,2,5,6,5,6,9,2,3,9,6,4,5,6,3,10,13,17,19,8,1,5,18,20,2,4,2,3,4,20,0
"466",3,9,3,1,5,3,6,4,4,9,9,1,10,7,9,7,6,5,7,8,4,6,2,2,7,7,1,3,7,2,6,9,2,3,3,9,4,4,2,9,4,5,5,4,10,2,7,4,4,5,5,20,4,15,3,17,19,1,18,17,8,3,5,2,4,2,3,4,6,20,0
"467",4,6,1,8,3,8,1,3,8,1,4,8,9,2,6,10,2,3,7,2,9,8,4,7,2,9,8,9,7,8,9,6,4,6,4,1,9,7,2,2,8,4,6,10,7,4,5,3,6,1,12,14,5,3,7,12,19,3,5,7,1,10,9,2,17,19,2,3,4,19,0
"468",10,1,10,10,8,5,7,9,6,2,5,7,7,5,9,6,4,1,10,5,5,8,6,2,2,8,3,6,4,5,1,4,10,6,2,4,6,7,5,10,6,2,9,8,6,8,5,8,3,5,6,17,11,9,3,1,4,7,5,11,3,20,5,2,4,2,3,17,17,20,0
"469",6,10,6,3,3,9,1,10,7,7,8,4,1,4,3,8,5,4,8,6,8,3,7,7,8,3,10,7,1,4,2,6,1,1,4,1,6,3,6,1,2,2,2,2,4,1,8,4,3,2,6,6,18,7,4,4,5,1,5,19,6,12,3,2,4,2,15,16,4,19,0
"470",10,8,5,7,4,2,10,10,3,8,2,9,6,6,6,3,5,3,10,3,6,4,2,1,8,10,5,7,8,1,8,10,1,10,8,6,7,10,7,10,9,10,4,1,9,7,6,1,9,6,6,4,3,10,13,19,3,4,7,5,1,5,18,23,2,4,2,3,4,23,0
"471",4,7,6,9,1,7,7,5,2,4,9,3,2,7,4,4,2,2,7,6,1,1,5,9,9,4,2,5,3,4,3,1,6,4,8,6,3,7,10,10,1,10,4,9,8,6,3,1,1,4,7,6,3,19,4,10,3,13,16,1,5,10,15,2,4,2,3,4,6,19,0
"472",1,10,4,5,5,8,8,2,5,10,5,10,10,9,10,3,1,9,6,7,9,8,8,9,10,1,2,6,7,8,5,8,5,9,6,5,5,2,3,4,1,1,1,9,3,4,8,4,1,3,6,4,8,17,3,4,1,3,6,7,2,20,9,11,21,21,14,13,4,21,0
"473",5,4,9,3,10,3,1,1,3,5,1,2,6,3,10,8,4,8,3,10,5,6,5,2,6,2,6,6,5,7,9,1,5,8,9,5,5,10,1,5,5,10,10,5,6,7,7,6,8,2,17,4,5,22,6,21,24,4,10,3,5,1,5,8,2,4,2,3,4,24,0
"474",9,8,6,3,1,2,2,3,10,7,10,4,9,10,1,3,1,6,3,8,6,4,8,5,8,2,2,9,2,1,7,6,4,4,1,10,9,6,6,8,8,10,3,7,6,7,3,4,5,4,6,15,21,7,11,19,14,3,1,3,6,11,5,2,4,2,3,4,6,21,0
"475",8,7,5,7,8,7,2,8,3,2,8,9,2,7,8,8,3,10,8,9,4,8,6,6,1,4,4,3,4,8,7,9,5,2,7,5,5,6,4,5,4,2,8,2,1,8,5,4,3,8,6,12,3,4,9,22,16,6,1,8,13,9,3,2,4,2,19,20,4,22,0
"476",3,1,5,3,8,8,1,2,3,6,10,3,3,5,8,5,9,3,4,10,4,2,10,9,4,8,8,6,10,2,9,10,7,1,2,8,2,5,9,7,1,8,2,6,8,9,7,1,7,2,6,7,5,16,3,9,4,16,1,5,14,3,17,2,4,2,3,10,10,17,1
"477",7,1,2,1,5,9,2,9,6,9,6,2,9,3,1,9,9,4,7,8,6,2,1,8,4,5,9,10,7,5,2,7,2,2,7,8,8,1,4,1,7,3,3,3,4,6,4,9,1,5,17,20,10,7,4,18,5,5,1,3,10,3,2,17,15,18,18,3,4,20,0
"478",2,1,9,6,7,7,4,5,6,5,1,10,4,2,6,10,1,7,3,9,10,2,1,8,10,8,9,3,6,5,6,2,5,4,10,4,9,5,7,2,4,6,5,2,4,2,1,6,2,8,5,6,20,4,10,3,21,23,1,22,3,15,2,4,2,9,10,4,6,23,0
"479",5,2,7,9,2,7,3,7,3,1,1,4,10,2,3,9,1,6,9,2,6,6,6,9,1,9,3,5,9,3,10,2,4,5,5,4,4,9,9,9,6,1,3,1,9,4,9,7,9,1,14,10,5,3,20,16,21,7,14,5,1,5,9,3,2,4,2,3,4,21,0
"480",5,3,4,9,10,3,3,9,8,9,10,6,1,8,10,6,4,5,2,2,2,10,9,6,5,7,3,4,2,1,9,4,1,9,4,4,6,2,6,2,1,1,10,8,7,9,1,4,6,4,6,10,12,11,3,6,9,1,3,6,19,20,9,2,18,18,2,3,4,20,0
"481",8,9,2,9,5,10,3,1,4,8,8,5,10,1,4,5,5,6,1,2,8,2,5,3,9,8,5,10,7,9,3,8,10,4,6,5,8,1,5,6,3,6,5,9,10,1,10,10,6,1,4,15,8,10,15,9,3,15,16,6,1,9,9,2,14,12,2,3,4,16,1
"482",4,7,7,8,9,5,8,9,4,2,8,1,7,9,2,8,8,2,7,1,1,2,9,9,10,3,1,2,6,4,2,6,4,2,6,10,2,9,7,6,7,1,7,8,7,5,9,7,6,5,5,22,6,4,9,20,9,12,1,22,21,21,12,10,2,4,2,3,4,22,0
"483",1,2,3,3,10,8,7,8,1,2,9,10,1,8,1,7,5,4,8,1,6,5,10,5,3,10,7,1,4,2,5,6,2,10,7,3,5,3,7,2,1,5,10,7,6,4,8,4,9,5,19,18,16,3,10,11,16,3,8,1,5,11,16,2,18,18,2,3,4,19,0
"484",9,7,6,5,6,4,6,8,2,9,5,2,6,7,7,6,1,5,5,9,8,6,6,1,4,10,5,1,9,6,1,9,10,3,6,8,4,5,2,10,3,6,9,6,5,6,3,9,5,10,10,17,23,6,9,19,1,8,5,18,20,2,5,15,20,2,3,4,6,23,0
"485",1,7,8,8,5,9,7,2,2,9,9,3,8,7,7,8,2,10,7,3,4,3,9,2,5,7,10,4,3,6,8,10,8,9,5,8,2,2,5,1,7,8,5,10,8,8,2,2,4,9,6,11,3,7,9,3,13,17,1,4,7,8,2,15,17,2,3,11,9,17,1
"486",1,5,7,1,2,10,9,4,4,2,2,5,7,4,4,6,1,9,6,3,8,10,8,5,6,1,4,3,10,5,10,10,5,2,7,2,2,9,8,1,1,2,7,10,8,9,5,5,2,2,5,9,16,11,4,18,9,1,3,6,9,3,18,18,16,14,2,3,4,18,1
"487",4,1,7,4,2,8,9,2,8,6,7,9,7,8,9,7,3,9,1,2,6,8,1,8,6,4,4,3,2,4,3,3,6,5,10,10,9,5,2,6,3,10,4,4,3,6,3,5,8,1,21,22,11,3,11,17,1,4,14,5,3,12,2,17,17,2,3,11,9,22,0
"488",1,1,5,5,7,6,2,5,4,8,3,1,2,10,9,2,8,9,7,5,5,10,9,10,6,5,1,3,10,1,5,8,6,1,4,10,7,10,8,6,5,10,6,7,2,5,8,6,10,5,14,18,4,11,3,20,11,4,1,19,16,14,3,17,2,4,2,3,4,20,0
"489",10,4,3,3,3,6,9,10,10,8,2,2,3,10,6,8,5,10,7,4,9,3,5,2,10,7,4,3,5,10,6,9,7,9,5,5,1,3,1,4,1,10,7,8,3,9,10,7,3,4,4,6,8,19,3,4,15,1,5,3,9,2,5,9,14,2,3,11,9,19,0
"490",4,7,6,6,5,3,7,6,9,1,7,5,4,6,3,10,5,1,3,10,10,10,6,4,9,9,9,4,7,7,3,3,7,1,1,8,9,2,9,4,7,4,7,8,6,2,10,10,5,7,7,6,13,4,13,17,11,19,1,5,3,9,17,8,2,4,2,3,4,19,0
"491",7,9,4,4,10,2,8,7,7,4,2,5,6,1,6,6,7,2,9,4,1,2,10,9,10,5,1,2,4,4,6,6,8,6,2,6,7,8,9,5,4,9,6,7,8,10,2,2,10,7,6,8,7,8,3,16,10,1,3,14,16,5,11,2,4,2,3,10,10,16,1
"492",4,1,7,4,1,1,4,4,1,9,7,2,1,3,4,6,10,10,1,5,8,8,1,2,10,7,6,7,7,1,2,10,5,10,6,9,2,7,10,8,1,7,8,9,10,8,3,10,8,8,9,13,15,5,17,9,9,13,3,5,5,1,19,18,2,4,2,3,4,19,0
"493",2,5,5,4,9,6,6,4,1,2,2,5,7,6,9,1,5,5,1,5,2,5,8,10,1,9,8,9,6,7,1,7,6,3,10,3,8,4,6,1,2,4,3,10,5,10,5,9,2,8,20,7,11,9,4,22,12,3,5,1,5,8,2,23,25,17,17,3,4,25,0
"494",2,10,2,7,2,2,2,7,5,9,7,9,6,9,6,10,6,4,8,9,1,1,3,6,6,4,2,7,9,1,1,5,9,1,1,10,10,10,3,4,6,7,3,8,7,9,1,10,4,8,12,4,8,15,9,15,24,10,1,7,3,3,10,2,4,2,3,4,6,24,0
"495",1,6,2,10,6,6,3,7,5,7,8,7,8,2,6,6,9,9,1,10,10,6,9,4,6,4,3,6,6,3,5,5,5,10,6,8,3,8,6,9,10,5,4,9,1,7,3,7,5,5,6,4,8,18,21,6,3,1,22,23,15,22,5,2,4,11,11,3,4,23,0
"496",9,4,6,4,5,3,3,1,6,10,2,3,9,3,2,10,10,2,8,3,2,1,1,10,5,2,5,10,3,10,7,8,5,2,2,8,6,9,5,2,6,4,3,6,6,9,4,9,2,5,11,6,7,9,13,4,14,16,6,1,3,5,14,17,2,4,2,3,4,17,1
"497",1,6,10,3,10,10,9,10,5,2,5,1,2,8,6,9,10,8,8,5,10,1,5,1,4,4,7,4,5,4,9,10,5,7,1,1,10,7,9,7,5,3,8,1,1,7,7,8,2,3,5,9,4,6,15,16,1,4,3,8,3,9,2,4,2,16,17,19,19,19,0
"498",6,9,6,3,9,10,10,5,1,4,7,10,2,3,3,4,9,6,7,2,9,3,6,2,9,2,10,5,6,4,3,2,4,9,3,5,6,7,6,1,5,9,10,4,5,10,2,7,6,8,7,6,6,18,19,4,15,3,19,1,5,5,17,20,2,4,2,3,4,20,0
"499",2,3,8,10,6,5,5,4,5,1,6,5,4,7,7,2,5,10,2,1,7,9,7,7,7,2,6,6,5,1,5,8,3,3,10,8,5,5,3,6,7,10,10,5,5,8,3,5,1,4,5,9,4,13,6,7,9,19,5,1,5,16,18,2,4,2,3,12,14,19,0
"500",8,9,7,3,10,2,4,4,1,1,6,7,2,4,5,3,2,8,1,8,8,8,2,10,8,10,7,1,2,8,4,3,10,4,1,10,5,8,5,2,2,10,10,1,6,10,6,7,9,4,4,6,3,4,12,14,3,6,1,9,5,19,12,2,20,20,2,3,4,20,0
